result_file,grid,task,checkpoint,sampler,sampler_kind,schedule,gamma,steps,guidance_scale,ag_scale,bad_checkpoint,bad_ema,sg_scale,sg_variant,sg_delta,sg_mf_mode,posterior_temp,posterior_temp_target,score_temp_tau,sigma_data,num_examples,accuracy,bootstrap_accuracy,ci95_low,ci95_high,num_correct,invalid_token_rate,seed,batch_size,diversity.n_samples,diversity.mean_length_tokens,diversity.empty_fraction,diversity.unique_fraction,diversity.token_entropy,diversity.self_repetition_4,diversity.distinct_1,diversity.distinct_2,diversity.distinct_3,diversity.distinct_4,efficiency.wall_clock_s,efficiency.samples_per_sec,efficiency.tokens_per_sec,efficiency.nfe_per_sample,efficiency.peak_gpu_gb,efficiency.model_evaluations,provenance.git_commit,provenance.git_branch,provenance.git_dirty,provenance.config,provenance.gpu_name,provenance.hostname,provenance.slurm_job_id,provenance.slurm_array_task_id,cfg_dir_rms_mean,ag_dir_rms_mean,sg_dir_rms_mean,score_rms_mean,guidance_over_score_mean,guidance_over_score_max,bit_entropy_mean_mean,p_mean_mean,p_min_min,p_max_max,frac_p_lt_0.01_mean,frac_p_gt_0.99_mean,frac_p_lt_0.001_mean,frac_p_gt_0.999_mean,method,bad_step,nfe_total
runs/guidance/ag/gsm8k_results_deterministic_g0.0_w0.0_s256_sd0.3998_ema1_ag0.25_bad000250000_ag_b000250000_w0.25.json,ag,gsm8k,tinigsm_gsm8k/runs/cobit_raw_binary_bits_cfg/checkpoints/last.pt,deterministic,ddim,,0.0,256,0.0,0.25,tinigsm_gsm8k/runs/cobit_raw_binary_bits_cfg/checkpoints/step=000250000.pt,1,0.0,prev,0.5,hold,1.0,learned,1.0,0.399844765663147,250,0.112,0.11176880000000003,0.076,0.152,28,0.0,42,64,250.0,83.172,0.0,1.0,6.78504484436002,0.00458591841776602,0.2536911460587698,0.7236528257800711,0.9087862809835904,0.9559447188544629,184.91058373451233,1.3520048174145651,605.9793752037474,512.0,2.8110556602478027,,1f5ab01b4d40769bbf818d83fc236160066116d7,tasks/fkc-temperature,True,configs/tasks/tinygsm_bits_cfg.py,NVIDIA A100-SXM4-80GB,gpu-q-41,34633386,1,,0.07015285531378757,,4.736914791150005,0.03338235797534955,0.057202559560257694,0.04817880810066821,0.19806620676536113,1.5832141756085344e-23,1.0,0.7233901113504544,0.15817594894906506,0.6870355623832438,0.1476835543726338,AG,250000,512.0
runs/guidance/ag/gsm8k_results_deterministic_g0.0_w0.0_s256_sd0.3998_ema1_ag0.25_bad000350000_ag_b000350000_w0.25.json,ag,gsm8k,tinigsm_gsm8k/runs/cobit_raw_binary_bits_cfg/checkpoints/last.pt,deterministic,ddim,,0.0,256,0.0,0.25,tinigsm_gsm8k/runs/cobit_raw_binary_bits_cfg/checkpoints/step=000350000.pt,1,0.0,prev,0.5,hold,1.0,learned,1.0,0.399844765663147,250,0.108,0.1080076,0.072,0.148,27,4.462213972084389e-05,42,64,250.0,83.864,0.0,1.0,6.847672233977161,0.004172530752047883,0.265954402365735,0.7284707472485036,0.9106811296784911,0.9568658488326078,185.7323660850525,1.3460228029697172,603.298188473451,512.0,2.8110556602478027,,7818e8fcdfabdc8f408fe48bd79faff24e3aa3c8,tasks/fkc-temperature,True,configs/tasks/tinygsm_bits_cfg.py,NVIDIA A100-SXM4-80GB,gpu-q-4,34633620,11,,0.061045168164961944,,4.969122691847991,0.03003167358713139,0.052170119902945594,0.04891715846423583,0.19791498096310534,1.5832141756085344e-23,1.0,0.7224209700361826,0.15760709564347053,0.6863212598836981,0.14731300931453006,AG,350000,512.0
runs/guidance/ag/gsm8k_results_deterministic_g0.0_w0.0_s256_sd0.3998_ema1_ag0.25_bad000425000_ag_b000425000_w0.25.json,ag,gsm8k,tinigsm_gsm8k/runs/cobit_raw_binary_bits_cfg/checkpoints/last.pt,deterministic,ddim,,0.0,256,0.0,0.25,tinigsm_gsm8k/runs/cobit_raw_binary_bits_cfg/checkpoints/step=000425000.pt,1,0.0,prev,0.5,hold,1.0,learned,1.0,0.399844765663147,250,0.14,0.13992760000000004,0.1,0.184,35,8.924427944168779e-06,42,64,250.0,84.596,0.0,1.0,6.775876251935264,0.0040401796390748925,0.2457799423140574,0.7215656251495287,0.909729284711124,0.9577430266189519,184.36352443695068,1.356016602326866,607.77748929572,512.0,2.8110556602478027,,7818e8fcdfabdc8f408fe48bd79faff24e3aa3c8,tasks/fkc-temperature,True,configs/tasks/tinygsm_bits_cfg.py,NVIDIA A100-SXM4-80GB,gpu-q-13,34633862,21,,0.050393078383647316,,3.5192735397973642,0.02309763598445674,0.03851751084772628,0.047719315320162714,0.19826048269169405,1.5832141756085344e-23,1.0,0.7241949592134915,0.15899905777041567,0.6884397620451637,0.148700071782514,AG,425000,512.0
runs/guidance/ag/gsm8k_results_deterministic_g0.0_w0.0_s256_sd0.3998_ema1_ag0.5_bad000250000_ag_b000250000_w0.5.json,ag,gsm8k,tinigsm_gsm8k/runs/cobit_raw_binary_bits_cfg/checkpoints/last.pt,deterministic,ddim,,0.0,256,0.0,0.5,tinigsm_gsm8k/runs/cobit_raw_binary_bits_cfg/checkpoints/step=000250000.pt,1,0.0,prev,0.5,hold,1.0,learned,1.0,0.399844765663147,250,0.12,0.11987520000000004,0.08,0.16,30,8.924427944168779e-06,42,64,250.0,83.968,0.0,1.0,6.85157533068016,0.003941028334286789,0.2663871951219512,0.7306913508822679,0.9114288502830373,0.9574152751704377,184.24359250068665,1.356899290807458,608.1731173342291,512.0,2.8110556602478027,,1f5ab01b4d40769bbf818d83fc236160066116d7,tasks/fkc-temperature,True,configs/tasks/tinygsm_bits_cfg.py,NVIDIA A100-SXM4-80GB,gpu-q-44,34633387,2,,0.08335964563654841,,16.002979360344398,0.0338416617607215,0.09604151066458477,0.048026321719022214,0.19817727945337538,1.5832141756085344e-23,1.0,0.7235252647660673,0.15841488650039537,0.6870272369123995,0.14773923840402858,AG,250000,512.0
runs/guidance/ag/gsm8k_results_deterministic_g0.0_w0.0_s256_sd0.3998_ema1_ag0.5_bad000350000_ag_b000350000_w0.5.json,ag,gsm8k,tinigsm_gsm8k/runs/cobit_raw_binary_bits_cfg/checkpoints/last.pt,deterministic,ddim,,0.0,256,0.0,0.5,tinigsm_gsm8k/runs/cobit_raw_binary_bits_cfg/checkpoints/step=000350000.pt,1,0.0,prev,0.5,hold,1.0,learned,1.0,0.399844765663147,250,0.112,0.11193680000000004,0.076,0.152,28,2.6773283832506336e-05,42,64,250.0,84.332,0.0,1.0,6.862005813542135,0.0038287273335365665,0.26722952141535833,0.7305716891470263,0.911577515425351,0.9575566812570698,184.38073062896729,1.3558900604590811,607.7207722182438,512.0,2.8110556602478027,,7818e8fcdfabdc8f408fe48bd79faff24e3aa3c8,tasks/fkc-temperature,True,configs/tasks/tinygsm_bits_cfg.py,NVIDIA A100-SXM4-80GB,gpu-q-13,34633621,12,,0.06777937324451372,,11.135445776034327,0.02642781653580103,0.06313629172158618,0.04853925889410693,0.19835448064259253,1.5832141756085344e-23,1.0,0.7227190784760751,0.15838225196057465,0.6866692425101064,0.14794822048133938,AG,350000,512.0
runs/guidance/ag/gsm8k_results_deterministic_g0.0_w0.0_s256_sd0.3998_ema1_ag0.5_bad000425000_ag_b000425000_w0.5.json,ag,gsm8k,tinigsm_gsm8k/runs/cobit_raw_binary_bits_cfg/checkpoints/last.pt,deterministic,ddim,,0.0,256,0.0,0.5,tinigsm_gsm8k/runs/cobit_raw_binary_bits_cfg/checkpoints/step=000425000.pt,1,0.0,prev,0.5,hold,1.0,learned,1.0,0.399844765663147,250,0.16,0.1597556,0.116,0.208,40,3.5697711776675117e-05,42,64,250.0,84.276,0.0,1.0,6.801144096854021,0.0038914448671346197,0.2536427927286535,0.725443104856141,0.9106422285964315,0.9580688025985531,184.3563573360443,1.3560693192928552,607.8011174616121,512.0,2.8110556602478027,,7818e8fcdfabdc8f408fe48bd79faff24e3aa3c8,tasks/fkc-temperature,True,configs/tasks/tinygsm_bits_cfg.py,NVIDIA A100-SXM4-80GB,gpu-q-17,34633863,22,,0.05991861288197242,,11.368914943952028,0.02414611526664846,0.06581585267376469,0.04757640264156748,0.19836644902534317,1.5832141756085344e-23,1.0,0.7242632086854428,0.15919777865929063,0.6883304247458,0.14872185916465241,AG,425000,512.0
runs/guidance/ag/gsm8k_results_deterministic_g0.0_w0.0_s256_sd0.3998_ema1_ag0.75_bad000250000_ag_b000250000_w0.75.json,ag,gsm8k,tinigsm_gsm8k/runs/cobit_raw_binary_bits_cfg/checkpoints/last.pt,deterministic,ddim,,0.0,256,0.0,0.75,tinigsm_gsm8k/runs/cobit_raw_binary_bits_cfg/checkpoints/step=000250000.pt,1,0.0,prev,0.5,hold,1.0,learned,1.0,0.399844765663147,250,0.164,0.16384880000000002,0.12,0.212,41,8.924427944168779e-06,42,64,250.0,83.9,0.0,1.0,6.789441805271929,0.00410642974930004,0.2504886769964243,0.7236188178528348,0.9095970695970697,0.9570333745364648,184.1077697277069,1.3579003231082907,608.6217880197207,512.0,2.8110556602478027,,1f5ab01b4d40769bbf818d83fc236160066116d7,tasks/fkc-temperature,True,configs/tasks/tinygsm_bits_cfg.py,NVIDIA A100-SXM4-80GB,gpu-q-44,34633388,3,,0.06859345243354098,,4.136702375627699,0.010880294237969398,0.019057444256850048,0.04742510979581471,0.19817116144986358,1.5832141756085344e-23,1.0,0.7246598836500198,0.15930238930741325,0.6889375651080627,0.14894645007007057,AG,250000,512.0
runs/guidance/ag/gsm8k_results_deterministic_g0.0_w0.0_s256_sd0.3998_ema1_ag0.75_bad000350000_ag_b000350000_w0.75.json,ag,gsm8k,tinigsm_gsm8k/runs/cobit_raw_binary_bits_cfg/checkpoints/last.pt,deterministic,ddim,,0.0,256,0.0,0.75,tinigsm_gsm8k/runs/cobit_raw_binary_bits_cfg/checkpoints/step=000350000.pt,1,0.0,prev,0.5,hold,1.0,learned,1.0,0.399844765663147,250,0.156,0.15548040000000002,0.112,0.204,39,1.7848855888337558e-05,42,64,250.0,84.012,0.0,1.0,6.790625148845652,0.004072500512164114,0.25272580107603676,0.7246663133041006,0.9102570355557723,0.9572902779835086,184.43941640853882,1.3554586371399189,607.5274048352087,512.0,2.8110556602478027,,7818e8fcdfabdc8f408fe48bd79faff24e3aa3c8,tasks/fkc-temperature,True,configs/tasks/tinygsm_bits_cfg.py,NVIDIA A100-SXM4-80GB,gpu-q-20,34633622,13,,0.059903386220793275,,4.199011269625837,0.009883514694198002,0.017861628607462862,0.04771969046765445,0.1983432935521705,1.5832141756085344e-23,1.0,0.7240426814532839,0.15924370666471077,0.6883672304684296,0.1489258326619165,AG,350000,512.0
runs/guidance/ag/gsm8k_results_deterministic_g0.0_w0.0_s256_sd0.3998_ema1_ag0.75_bad000425000_ag_b000425000_w0.75.json,ag,gsm8k,tinigsm_gsm8k/runs/cobit_raw_binary_bits_cfg/checkpoints/last.pt,deterministic,ddim,,0.0,256,0.0,0.75,tinigsm_gsm8k/runs/cobit_raw_binary_bits_cfg/checkpoints/step=000425000.pt,1,0.0,prev,0.5,hold,1.0,learned,1.0,0.399844765663147,250,0.164,0.16377039999999998,0.12,0.212,41,8.924427944168779e-06,42,64,250.0,83.78,0.0,1.0,6.774900133280676,0.004209142439867983,0.24908092623537836,0.7225416767335106,0.9091709464416727,0.9573161673681604,184.3730239868164,1.3559467355586479,607.7461744512705,512.0,2.8110556602478027,,7818e8fcdfabdc8f408fe48bd79faff24e3aa3c8,tasks/fkc-temperature,True,configs/tasks/tinygsm_bits_cfg.py,NVIDIA A100-SXM4-80GB,gpu-q-20,34633864,23,,0.05205657689408655,,3.6111399041211616,0.008221313762613739,0.014771630222460624,0.04722337192390569,0.1982575435686158,1.5832141756085344e-23,1.0,0.7249356276006438,0.15956540521438,0.6894148769497406,0.1492637106057373,AG,425000,512.0
runs/guidance/ag/gsm8k_results_deterministic_g0.0_w0.0_s256_sd0.3998_ema1_ag1.25_bad000250000_ag_b000250000_w1.25.json,ag,gsm8k,tinigsm_gsm8k/runs/cobit_raw_binary_bits_cfg/checkpoints/last.pt,deterministic,ddim,,0.0,256,0.0,1.25,tinigsm_gsm8k/runs/cobit_raw_binary_bits_cfg/checkpoints/step=000250000.pt,1,0.0,prev,0.5,hold,1.0,learned,1.0,0.399844765663147,250,0.16,0.15961600000000004,0.116,0.208,40,1.7848855888337558e-05,42,64,250.0,83.932,0.0,1.0,6.769248998778174,0.003975264519404612,0.24700948386789306,0.7219408672165147,0.9086071376263243,0.9572480600998369,184.08859539031982,1.3580417595665248,608.685180971793,512.0,2.8110556602478027,,1f5ab01b4d40769bbf818d83fc236160066116d7,tasks/fkc-temperature,True,configs/tasks/tinygsm_bits_cfg.py,NVIDIA A100-SXM4-80GB,gpu-q-65,34633390,5,,0.0554286833050906,,3.262221875256841,0.007869913494963337,0.013604718332950919,0.0464923387382461,0.19829826468776446,1.5832141756085344e-23,1.0,0.7261744913412258,0.160386370451306,0.691050224180799,0.1501711831369903,AG,250000,512.0
runs/guidance/ag/gsm8k_results_deterministic_g0.0_w0.0_s256_sd0.3998_ema1_ag1.25_bad000350000_ag_b000350000_w1.25.json,ag,gsm8k,tinigsm_gsm8k/runs/cobit_raw_binary_bits_cfg/checkpoints/last.pt,deterministic,ddim,,0.0,256,0.0,1.25,tinigsm_gsm8k/runs/cobit_raw_binary_bits_cfg/checkpoints/step=000350000.pt,1,0.0,prev,0.5,hold,1.0,learned,1.0,0.399844765663147,250,0.156,0.15571,0.112,0.204,39,1.7848855888337558e-05,42,64,250.0,83.672,0.0,1.0,6.762856915674214,0.004045290316808461,0.24619944545367625,0.7213566866653764,0.9081692624155158,0.956862356207854,184.3512201309204,1.356107108065018,607.8180546916055,512.0,2.8110556602478027,,7818e8fcdfabdc8f408fe48bd79faff24e3aa3c8,tasks/fkc-temperature,True,configs/tasks/tinygsm_bits_cfg.py,NVIDIA A100-SXM4-80GB,gpu-q-23,34633624,15,,0.05037782233389723,,3.2004986476384443,0.007429390057805852,0.013319948664068536,0.04607585236982814,0.19815896324871574,1.5832141756085344e-23,1.0,0.7269151157233864,0.1605899497444625,0.6918511602561921,0.1503789884300204,AG,350000,512.0
runs/guidance/ag/gsm8k_results_deterministic_g0.0_w0.0_s256_sd0.3998_ema1_ag1.25_bad000425000_ag_b000425000_w1.25.json,ag,gsm8k,tinigsm_gsm8k/runs/cobit_raw_binary_bits_cfg/checkpoints/last.pt,deterministic,ddim,,0.0,256,0.0,1.25,tinigsm_gsm8k/runs/cobit_raw_binary_bits_cfg/checkpoints/step=000425000.pt,1,0.0,prev,0.5,hold,1.0,learned,1.0,0.399844765663147,250,0.152,0.1518312,0.108,0.2,38,2.6773283832506336e-05,42,64,250.0,83.548,0.0,1.0,6.769566143540139,0.004026128278877756,0.2486235457461579,0.7221010805834182,0.9087163388433805,0.9570442469086756,184.81598258018494,1.3526968637116332,606.2895558904637,512.0,2.8110556602478027,,7818e8fcdfabdc8f408fe48bd79faff24e3aa3c8,tasks/fkc-temperature,True,configs/tasks/tinygsm_bits_cfg.py,NVIDIA A100-SXM4-80GB,gpu-q-27,34633866,25,,0.04127689617617877,,3.412589498538529,0.0059440966507888545,0.010316705968539019,0.04658744541065385,0.19815477756492328,1.5832141756085344e-23,1.0,0.7260881935944781,0.16013900878169807,0.6909069296962116,0.14992652566434117,AG,425000,512.0
runs/guidance/ag/gsm8k_results_deterministic_g0.0_w0.0_s256_sd0.3998_ema1_ag1.5_bad000250000_ag_b000250000_w1.5.json,ag,gsm8k,tinigsm_gsm8k/runs/cobit_raw_binary_bits_cfg/checkpoints/last.pt,deterministic,ddim,,0.0,256,0.0,1.5,tinigsm_gsm8k/runs/cobit_raw_binary_bits_cfg/checkpoints/step=000250000.pt,1,0.0,prev,0.5,hold,1.0,learned,1.0,0.399844765663147,250,0.172,0.17184720000000003,0.128,0.22,43,1.7848855888337558e-05,42,64,250.0,83.716,0.0,1.0,6.766442427014989,0.0041799753168659465,0.24616560753022124,0.7200541612263649,0.9073865583239512,0.9566380891025323,184.6706907749176,1.3537611136393473,606.7665612220646,512.0,2.8110556602478027,,1f5ab01b4d40769bbf818d83fc236160066116d7,tasks/fkc-temperature,True,configs/tasks/tinygsm_bits_cfg.py,NVIDIA A100-SXM4-80GB,gpu-q-6,34633391,6,,0.05212716759910668,,3.4999203619457013,0.014424458741806175,0.025696996800542497,0.04618345451927652,0.19833477784413844,1.5832141756085344e-23,1.0,0.7266881509567611,0.1607486024586251,0.6917397893266752,0.15056647699384484,AG,250000,512.0
runs/guidance/ag/gsm8k_results_deterministic_g0.0_w0.0_s256_sd0.3998_ema1_ag1.5_bad000350000_ag_b000350000_w1.5.json,ag,gsm8k,tinigsm_gsm8k/runs/cobit_raw_binary_bits_cfg/checkpoints/last.pt,deterministic,ddim,,0.0,256,0.0,1.5,tinigsm_gsm8k/runs/cobit_raw_binary_bits_cfg/checkpoints/step=000350000.pt,1,0.0,prev,0.5,hold,1.0,learned,1.0,0.399844765663147,250,0.172,0.17158600000000002,0.128,0.22,43,2.6773283832506336e-05,42,64,250.0,83.088,0.0,1.0,6.738563203846959,0.004248854162900153,0.24258617369535915,0.7181073969398694,0.9060773480662984,0.9558985116371991,184.65585494041443,1.3538698790822046,606.8153107636767,512.0,2.8110556602478027,,7818e8fcdfabdc8f408fe48bd79faff24e3aa3c8,tasks/fkc-temperature,True,configs/tasks/tinygsm_bits_cfg.py,NVIDIA A100-SXM4-80GB,gpu-q-29,34633625,16,,0.047413652882562995,,3.1411267850116142,0.013397696123938737,0.023238002337913493,0.045209062727453286,0.19793897587805986,1.5832141756085344e-23,1.0,0.7283864988712594,0.1611123729526298,0.6934820292808581,0.15090231568319723,AG,350000,512.0
runs/guidance/ag/gsm8k_results_deterministic_g0.0_w0.0_s256_sd0.3998_ema1_ag1.5_bad000425000_ag_b000425000_w1.5.json,ag,gsm8k,tinigsm_gsm8k/runs/cobit_raw_binary_bits_cfg/checkpoints/last.pt,deterministic,ddim,,0.0,256,0.0,1.5,tinigsm_gsm8k/runs/cobit_raw_binary_bits_cfg/checkpoints/step=000425000.pt,1,0.0,prev,0.5,hold,1.0,learned,1.0,0.399844765663147,250,0.164,0.16380440000000002,0.12,0.212,41,2.6773283832506336e-05,42,64,250.0,83.644,0.0,1.0,6.761845753937029,0.003900077662311066,0.24752522595762996,0.7213590823290257,0.908480721179756,0.9572937850305044,184.59619688987732,1.3543074245952096,607.0114221629697,512.0,2.8110556602478027,,7818e8fcdfabdc8f408fe48bd79faff24e3aa3c8,tasks/fkc-temperature,True,configs/tasks/tinygsm_bits_cfg.py,NVIDIA A100-SXM4-80GB,gpu-q-29,34633867,26,,0.039300588022257554,,3.1431804612725402,0.01106607107496627,0.018682829614986594,0.04652263511123245,0.19816006087057758,1.5832141756085344e-23,1.0,0.7262077874038368,0.16027493054571096,0.6910719631414395,0.15009256201301469,AG,425000,512.0
runs/guidance/ag/gsm8k_results_deterministic_g0.0_w0.0_s256_sd0.3998_ema1_ag1_bad000250000_ag_b000250000_w1.json,ag,gsm8k,tinigsm_gsm8k/runs/cobit_raw_binary_bits_cfg/checkpoints/last.pt,deterministic,ddim,,0.0,256,0.0,1.0,tinigsm_gsm8k/runs/cobit_raw_binary_bits_cfg/checkpoints/step=000250000.pt,1,0.0,prev,0.5,hold,1.0,learned,1.0,0.399844765663147,250,0.164,0.16370520000000002,0.12,0.212,41,2.6773283832506336e-05,42,64,250.0,83.544,0.0,1.0,6.764455456618263,0.003999274010557471,0.24743847553385043,0.7215061058344641,0.9079270087314824,0.956694477552642,184.01949977874756,1.3585516768635002,608.9137299836357,512.0,2.8110556602478027,,1f5ab01b4d40769bbf818d83fc236160066116d7,tasks/fkc-temperature,True,configs/tasks/tinygsm_bits_cfg.py,NVIDIA A100-SXM4-80GB,gpu-q-65,34633389,4,,0.060697939603252204,,3.3897953122756603,7.410692096644069e-10,1.370988770201795e-09,0.046938560472963964,0.19820433293352835,1.5832141756085344e-23,1.0,0.7255218491773121,0.15984818870492745,0.6902323015965521,0.14961515199684072,AG,250000,512.0
runs/guidance/ag/gsm8k_results_deterministic_g0.0_w0.0_s256_sd0.3998_ema1_ag1_bad000350000_ag_b000350000_w1.json,ag,gsm8k,tinigsm_gsm8k/runs/cobit_raw_binary_bits_cfg/checkpoints/last.pt,deterministic,ddim,,0.0,256,0.0,1.0,tinigsm_gsm8k/runs/cobit_raw_binary_bits_cfg/checkpoints/step=000350000.pt,1,0.0,prev,0.5,hold,1.0,learned,1.0,0.399844765663147,250,0.164,0.16370520000000002,0.12,0.212,41,2.6773283832506336e-05,42,64,250.0,83.54,0.0,1.0,6.764412814392553,0.004000101140416859,0.2474503231984678,0.721492609643809,0.9079224920284523,0.9566923267941395,184.7479386329651,1.353195071348914,606.5128565391541,512.0,2.8110556602478027,,7818e8fcdfabdc8f408fe48bd79faff24e3aa3c8,tasks/fkc-temperature,True,configs/tasks/tinygsm_bits_cfg.py,NVIDIA A100-SXM4-80GB,gpu-q-20,34633623,14,,0.05389252992718388,,3.4098497418303464,6.750241246229231e-10,1.331563041176577e-09,0.04693847363439385,0.19820428914681543,1.5832141756085344e-23,1.0,0.7255220336955972,0.15984820134326583,0.6902322744717821,0.1496153442785726,AG,350000,512.0
runs/guidance/ag/gsm8k_results_deterministic_g0.0_w0.0_s256_sd0.3998_ema1_ag1_bad000425000_ag_b000425000_w1.json,ag,gsm8k,tinigsm_gsm8k/runs/cobit_raw_binary_bits_cfg/checkpoints/last.pt,deterministic,ddim,,0.0,256,0.0,1.0,tinigsm_gsm8k/runs/cobit_raw_binary_bits_cfg/checkpoints/step=000425000.pt,1,0.0,prev,0.5,hold,1.0,learned,1.0,0.399844765663147,250,0.164,0.16370520000000002,0.12,0.212,41,2.6773283832506336e-05,42,64,250.0,83.544,0.0,1.0,6.764455456618263,0.003999274010557471,0.24743847553385043,0.7215061058344641,0.9079270087314824,0.956694477552642,184.47795414924622,1.35517547965512,607.4004913852621,512.0,2.8110556602478027,,7818e8fcdfabdc8f408fe48bd79faff24e3aa3c8,tasks/fkc-temperature,True,configs/tasks/tinygsm_bits_cfg.py,NVIDIA A100-SXM4-80GB,gpu-q-20,34633865,24,,0.045410361517190606,,3.398708745728714,5.426614392705034e-10,1.058214914783452e-09,0.04693862041156471,0.19820430548861623,1.5832141756085344e-23,1.0,0.7255218283971772,0.15984802200546255,0.6902323662652634,0.14961517413757974,AG,425000,512.0
runs/guidance/ag/gsm8k_results_deterministic_g0.0_w0.0_s256_sd0.3998_ema1_ag2_bad000250000_ag_b000250000_w2.json,ag,gsm8k,tinigsm_gsm8k/runs/cobit_raw_binary_bits_cfg/checkpoints/last.pt,deterministic,ddim,,0.0,256,0.0,2.0,tinigsm_gsm8k/runs/cobit_raw_binary_bits_cfg/checkpoints/step=000250000.pt,1,0.0,prev,0.5,hold,1.0,learned,1.0,0.399844765663147,250,0.168,0.16768960000000002,0.124,0.216,42,2.6773283832506336e-05,42,64,250.0,83.724,0.0,1.0,6.750908512499052,0.0041060704107350465,0.24341885241985572,0.7189691020743678,0.9071508981449757,0.9568901441950349,184.14049172401428,1.3576590225179506,608.5136351647255,512.0,2.8110556602478027,,1f5ab01b4d40769bbf818d83fc236160066116d7,tasks/fkc-temperature,True,configs/tasks/tinygsm_bits_cfg.py,NVIDIA A100-SXM4-80GB,gpu-q-7,34633392,7,,0.048429477636871776,,3.275118179410919,0.025732079494132223,0.045126922536846484,0.044792079384563976,0.19827615369285922,1.5832141756085344e-23,1.0,0.7288200710900128,0.1617741259979084,0.6941481069370639,0.15155025175045012,AG,250000,512.0
runs/guidance/ag/gsm8k_results_deterministic_g0.0_w0.0_s256_sd0.3998_ema1_ag2_bad000350000_ag_b000350000_w2.json,ag,gsm8k,tinigsm_gsm8k/runs/cobit_raw_binary_bits_cfg/checkpoints/last.pt,deterministic,ddim,,0.0,256,0.0,2.0,tinigsm_gsm8k/runs/cobit_raw_binary_bits_cfg/checkpoints/step=000350000.pt,1,0.0,prev,0.5,hold,1.0,learned,1.0,0.399844765663147,250,0.188,0.18771760000000004,0.14,0.236,47,1.7848855888337558e-05,42,64,250.0,82.152,0.0,1.0,6.698890156894119,0.0045566849031650316,0.23824130879345604,0.714067429022082,0.9043317696376884,0.9556296745502325,184.41597843170166,1.3556309064216328,607.6046173054272,512.0,2.8110556602478027,,7818e8fcdfabdc8f408fe48bd79faff24e3aa3c8,tasks/fkc-temperature,True,configs/tasks/tinygsm_bits_cfg.py,NVIDIA A100-SXM4-80GB,gpu-q-41,34633626,17,,0.04345443444108693,,3.0643933183459375,0.023287494881555706,0.040103682628372155,0.04343929492408094,0.1976818671100773,1.5832141756085344e-23,1.0,0.7312565921456553,0.16222720599762397,0.6967681759851985,0.15203880310582463,AG,350000,512.0
runs/guidance/ag/gsm8k_results_deterministic_g0.0_w0.0_s256_sd0.3998_ema1_ag2_bad000425000_ag_b000425000_w2.json,ag,gsm8k,tinigsm_gsm8k/runs/cobit_raw_binary_bits_cfg/checkpoints/last.pt,deterministic,ddim,,0.0,256,0.0,2.0,tinigsm_gsm8k/runs/cobit_raw_binary_bits_cfg/checkpoints/step=000425000.pt,1,0.0,prev,0.5,hold,1.0,learned,1.0,0.399844765663147,250,0.152,0.15181280000000003,0.108,0.2,38,3.5697711776675117e-05,42,64,250.0,83.268,0.0,1.0,6.756294548446248,0.004111652171528078,0.24672142960080704,0.7201828171342441,0.9093370084165969,0.9578910649324762,184.27217388153076,1.3566888300819955,608.078787153391,512.0,2.8110556602478027,,7818e8fcdfabdc8f408fe48bd79faff24e3aa3c8,tasks/fkc-temperature,True,configs/tasks/tinygsm_bits_cfg.py,NVIDIA A100-SXM4-80GB,gpu-q-32,34633868,27,,0.03728430090499285,,3.259774164981428,0.020157777244426564,0.033210364596576614,0.04614997672660337,0.19799501422676258,1.5832141756085344e-23,1.0,0.7269021622487344,0.16037441306980327,0.6918543848441914,0.15020432327582967,AG,425000,512.0
runs/guidance/ag/gsm8k_results_deterministic_g0.0_w0.0_s256_sd0.3998_ema1_ag3_bad000250000_ag_b000250000_w3.json,ag,gsm8k,tinigsm_gsm8k/runs/cobit_raw_binary_bits_cfg/checkpoints/last.pt,deterministic,ddim,,0.0,256,0.0,3.0,tinigsm_gsm8k/runs/cobit_raw_binary_bits_cfg/checkpoints/step=000250000.pt,1,0.0,prev,0.5,hold,1.0,learned,1.0,0.399844765663147,250,0.184,0.18357680000000004,0.136,0.232,46,3.5697711776675117e-05,42,64,250.0,83.508,0.0,1.0,6.741983379627316,0.004061356790094277,0.2418450926857307,0.7172637804818927,0.9074937429454778,0.9572713270730859,184.3273582458496,1.3562826613429702,607.89673907521,512.0,2.8110556602478027,,1f5ab01b4d40769bbf818d83fc236160066116d7,tasks/fkc-temperature,True,configs/tasks/tinygsm_bits_cfg.py,NVIDIA A100-SXM4-80GB,gpu-q-6,34633530,8,,0.043359137469320685,,3.287732994128229,0.04421494830069135,0.07885122622298055,0.04343009700790379,0.19818759465124458,1.5832141756085344e-23,1.0,0.7310085374047048,0.16286809639859712,0.6966395144409034,0.15256759792100638,AG,250000,512.0
runs/guidance/ag/gsm8k_results_deterministic_g0.0_w0.0_s256_sd0.3998_ema1_ag3_bad000350000_ag_b000350000_w3.json,ag,gsm8k,tinigsm_gsm8k/runs/cobit_raw_binary_bits_cfg/checkpoints/last.pt,deterministic,ddim,,0.0,256,0.0,3.0,tinigsm_gsm8k/runs/cobit_raw_binary_bits_cfg/checkpoints/step=000350000.pt,1,0.0,prev,0.5,hold,1.0,learned,1.0,0.399844765663147,250,0.184,0.18385600000000002,0.136,0.232,46,1.7848855888337558e-05,42,64,250.0,82.536,0.0,1.0,6.686272176529601,0.004697086528776818,0.23533973054182417,0.7120290423861853,0.9035959074202841,0.955642727821364,184.2325313091278,1.356980758086201,608.2096316203,512.0,2.8110556602478027,,7818e8fcdfabdc8f408fe48bd79faff24e3aa3c8,tasks/fkc-temperature,True,configs/tasks/tinygsm_bits_cfg.py,NVIDIA A100-SXM4-80GB,gpu-q-1,34633709,18,,0.03880793586894127,,2.8627942098107884,0.03887985358731608,0.06508051614433527,0.04178366777992171,0.1978819311480038,1.5832141756085344e-23,1.0,0.7338039760943502,0.16366592707345262,0.6996713789994828,0.15338927169068484,AG,350000,512.0
runs/guidance/ag/gsm8k_results_deterministic_g0.0_w0.0_s256_sd0.3998_ema1_ag3_bad000425000_ag_b000425000_w3.json,ag,gsm8k,tinigsm_gsm8k/runs/cobit_raw_binary_bits_cfg/checkpoints/last.pt,deterministic,ddim,,0.0,256,0.0,3.0,tinigsm_gsm8k/runs/cobit_raw_binary_bits_cfg/checkpoints/step=000425000.pt,1,0.0,prev,0.5,hold,1.0,learned,1.0,0.399844765663147,250,0.156,0.15585480000000002,0.112,0.2,39,3.5697711776675117e-05,42,64,250.0,81.968,0.0,1.0,6.711650507080611,0.004364712523296485,0.24321686511809487,0.7170734117182097,0.9072629051620649,0.9565393577145173,184.12242722511292,1.3577922242701235,608.5733372556635,512.0,2.8110556602478027,,7818e8fcdfabdc8f408fe48bd79faff24e3aa3c8,tasks/fkc-temperature,True,configs/tasks/tinygsm_bits_cfg.py,NVIDIA A100-SXM4-80GB,gpu-q-1,34634138,28,,0.033913260200627515,,3.9625153399542348,0.03500954441974765,0.05549131741146934,0.044389879215212424,0.1973276886419626,1.695632494958001e-23,1.0,0.7299571878975257,0.16109836933901533,0.6952679422684014,0.15098846978071379,AG,425000,512.0
runs/guidance/ag/gsm8k_results_deterministic_g0.0_w0.0_s256_sd0.3998_ema1_ag4_bad000250000_ag_b000250000_w4.json,ag,gsm8k,tinigsm_gsm8k/runs/cobit_raw_binary_bits_cfg/checkpoints/last.pt,deterministic,ddim,,0.0,256,0.0,4.0,tinigsm_gsm8k/runs/cobit_raw_binary_bits_cfg/checkpoints/step=000250000.pt,1,0.0,prev,0.5,hold,1.0,learned,1.0,0.399844765663147,250,0.164,0.1636144,0.12,0.212,41,3.5697711776675117e-05,42,64,250.0,83.324,0.0,1.0,6.7259245501681235,0.004227980833756257,0.2398348615044885,0.7142024197074972,0.9063990949781122,0.9565260694188537,184.72246766090393,1.3533816604211157,606.5964872540274,512.0,2.8110556602478027,,1f5ab01b4d40769bbf818d83fc236160066116d7,tasks/fkc-temperature,True,configs/tasks/tinygsm_bits_cfg.py,NVIDIA A100-SXM4-80GB,gpu-q-13,34633531,9,,0.04035328986835929,,3.87573970364578,0.05922120595513164,0.1025279876909608,0.042418983076920824,0.19802763806364965,1.5832141756085344e-23,1.0,0.7326034978614189,0.16359744088549633,0.698519771132851,0.15332174070499605,AG,250000,512.0
runs/guidance/ag/gsm8k_results_deterministic_g0.0_w0.0_s256_sd0.3998_ema1_ag4_bad000350000_ag_b000350000_w4.json,ag,gsm8k,tinigsm_gsm8k/runs/cobit_raw_binary_bits_cfg/checkpoints/last.pt,deterministic,ddim,,0.0,256,0.0,4.0,tinigsm_gsm8k/runs/cobit_raw_binary_bits_cfg/checkpoints/step=000350000.pt,1,0.0,prev,0.5,hold,1.0,learned,1.0,0.399844765663147,250,0.188,0.18784440000000002,0.14,0.236,47,1.7848855888337558e-05,42,64,250.0,81.748,0.0,1.0,6.659167086113528,0.004364252114205406,0.23222586485296276,0.7100113934710457,0.9035461704368761,0.9556560166607406,184.29900121688843,1.3564913447674778,607.9902726555416,512.0,2.8110556602478027,,7818e8fcdfabdc8f408fe48bd79faff24e3aa3c8,tasks/fkc-temperature,True,configs/tasks/tinygsm_bits_cfg.py,NVIDIA A100-SXM4-80GB,gpu-q-1,34633710,19,,0.036184793267867804,,3.0327928809849625,0.05145098390263033,0.08411414147599872,0.04035185690941656,0.19767351684276946,1.5832141756085344e-23,1.0,0.7362875657272525,0.1646142521785805,0.7026612036861479,0.15445599405938992,AG,350000,512.0
runs/guidance/ag/gsm8k_results_deterministic_g0.0_w0.0_s256_sd0.3998_ema1_ag4_bad000425000_ag_b000425000_w4.json,ag,gsm8k,tinigsm_gsm8k/runs/cobit_raw_binary_bits_cfg/checkpoints/last.pt,deterministic,ddim,,0.0,256,0.0,4.0,tinigsm_gsm8k/runs/cobit_raw_binary_bits_cfg/checkpoints/step=000425000.pt,1,0.0,prev,0.5,hold,1.0,learned,1.0,0.399844765663147,250,0.172,0.17189000000000004,0.128,0.22,43,4.462213972084389e-05,42,64,250.0,82.624,0.0,1.0,6.724050102408828,0.004201751579646099,0.24390007745933384,0.7184161521121238,0.9079678507640405,0.9574500150708329,184.37999892234802,1.355895441269028,607.7231839403086,512.0,2.8110556602478027,,7818e8fcdfabdc8f408fe48bd79faff24e3aa3c8,tasks/fkc-temperature,True,configs/tasks/tinygsm_bits_cfg.py,NVIDIA A100-SXM4-80GB,gpu-q-1,34634139,29,,0.03167398220053497,,3.6360449856124633,0.04750795552362055,0.07378101956816294,0.04394657617281794,0.19767066261556465,1.5832141756085344e-23,1.0,0.7303220496396534,0.1617399984243093,0.6956640353018884,0.15155115316156298,AG,425000,512.0
runs/guidance/ag/gsm8k_results_deterministic_g0.0_w0.0_s256_sd0.3998_ema1_ag5_bad000250000_ag_b000250000_w5.json,ag,gsm8k,tinigsm_gsm8k/runs/cobit_raw_binary_bits_cfg/checkpoints/last.pt,deterministic,ddim,,0.0,256,0.0,5.0,tinigsm_gsm8k/runs/cobit_raw_binary_bits_cfg/checkpoints/step=000250000.pt,1,0.0,prev,0.5,hold,1.0,learned,1.0,0.399844765663147,250,0.18,0.17967480000000002,0.132,0.228,45,5.354656766501267e-05,42,64,250.0,83.256,0.0,1.0,6.713403333439352,0.004003065694830252,0.23796483136350532,0.7147442131880957,0.9063207640051196,0.9565889154704944,184.30382323265076,1.356455854333632,607.9743655591686,512.0,2.8110556602478027,,1f5ab01b4d40769bbf818d83fc236160066116d7,tasks/fkc-temperature,True,configs/tasks/tinygsm_bits_cfg.py,NVIDIA A100-SXM4-80GB,gpu-q-17,34633532,10,,0.037912237843561125,,5.295750303096481,0.07196354237415012,0.12069570096827835,0.04127350798365814,0.1977349191729445,1.5832141756085344e-23,1.0,0.7346414455096237,0.16424592316616327,0.7009634462592658,0.1540294186124811,AG,250000,512.0
runs/guidance/ag/gsm8k_results_deterministic_g0.0_w0.0_s256_sd0.3998_ema1_ag5_bad000350000_ag_b000350000_w5.json,ag,gsm8k,tinigsm_gsm8k/runs/cobit_raw_binary_bits_cfg/checkpoints/last.pt,deterministic,ddim,,0.0,256,0.0,5.0,tinigsm_gsm8k/runs/cobit_raw_binary_bits_cfg/checkpoints/step=000350000.pt,1,0.0,prev,0.5,hold,1.0,learned,1.0,0.399844765663147,250,0.2,0.19983120000000004,0.152,0.252,50,2.6773283832506336e-05,42,64,250.0,81.312,0.0,1.0,6.651056223651747,0.004039171973521704,0.23165092483274302,0.7110768004781353,0.9046298164212225,0.9561242210644602,184.49507570266724,1.3550497163561193,607.3441232685435,512.0,2.8110556602478027,,7818e8fcdfabdc8f408fe48bd79faff24e3aa3c8,tasks/fkc-temperature,True,configs/tasks/tinygsm_bits_cfg.py,NVIDIA A100-SXM4-80GB,gpu-q-13,34633711,20,,0.034224208660119576,,3.0113841659396394,0.06310939778433507,0.10253289102478003,0.039051827095502034,0.1972787409904413,1.5832141756085344e-23,1.0,0.7386612756527029,0.165307928888069,0.705495763453655,0.15523709382978268,AG,350000,512.0
runs/guidance/ag/gsm8k_results_deterministic_g0.0_w0.0_s256_sd0.3998_ema1_ag5_bad000425000_ag_b000425000_w5.json,ag,gsm8k,tinigsm_gsm8k/runs/cobit_raw_binary_bits_cfg/checkpoints/last.pt,deterministic,ddim,,0.0,256,0.0,5.0,tinigsm_gsm8k/runs/cobit_raw_binary_bits_cfg/checkpoints/step=000425000.pt,1,0.0,prev,0.5,hold,1.0,learned,1.0,0.399844765663147,250,0.148,0.14768240000000002,0.104,0.192,37,4.462213972084389e-05,42,64,250.0,82.672,0.0,1.0,6.716071090413876,0.004317806953795548,0.24187149216179601,0.7170633754530317,0.9070805236017453,0.9567225625062757,184.40286922454834,1.355727278275555,607.6478119413299,512.0,2.8110556602478027,,7818e8fcdfabdc8f408fe48bd79faff24e3aa3c8,tasks/fkc-temperature,True,configs/tasks/tinygsm_bits_cfg.py,NVIDIA A100-SXM4-80GB,gpu-q-13,34633151,30,,0.03022626560699254,,3.3814188942171284,0.058902998959079536,0.09031129504811417,0.043313819934629905,0.19772863840626087,1.5832141756085344e-23,1.0,0.7311753269750625,0.16226892158738337,0.6965141207911074,0.15199048300564755,AG,425000,512.0
runs/guidance/ag/gsm8k_results_deterministic_g0.0_w0.0_s256_sd0.3998_ema1_ag_baseline.json,ag,gsm8k,tinigsm_gsm8k/runs/cobit_raw_binary_bits_cfg/checkpoints/last.pt,deterministic,ddim,,0.0,256,0.0,0.0,,1,0.0,prev,0.5,hold,1.0,learned,1.0,0.399844765663147,250,0.164,0.16370520000000002,0.12,0.212,41,2.6773283832506336e-05,42,64,250.0,83.54,0.0,1.0,6.764412814392553,0.004000101140416859,0.2474503231984678,0.721492609643809,0.9079224920284523,0.9566923267941395,93.1462574005127,2.683951099882022,1202.9683545759215,256.0,2.3059325218200684,,1f5ab01b4d40769bbf818d83fc236160066116d7,tasks/fkc-temperature,True,configs/tasks/tinygsm_bits_cfg.py,NVIDIA A100-SXM4-80GB,gpu-q-23,34633385,0,,,,3.41029638684988,0.0,0.0,0.04693843339292503,0.19820427570084576,1.5832141756085344e-23,1.0,0.7255221153609455,0.1598481901382911,0.6902324031107128,0.14961533748282818,baseline,,256.0
runs/guidance/ag_confirm/gsm8k_results_deterministic_g0.0_w0.0_s512_sd0.3998_ema1_ag15_bad000350000_agconf_b000350000_w15_s42.json,ag_confirm,gsm8k,tinigsm_gsm8k/runs/cobit_raw_binary_bits_cfg/checkpoints/last.pt,deterministic,ddim,,0.0,512,0.0,15.0,tinigsm_gsm8k/runs/cobit_raw_binary_bits_cfg/checkpoints/step=000350000.pt,1,0.0,prev,0.5,hold,1.0,learned,1.0,0.399844765663147,1319,0.19863532979529946,0.19848642911296438,0.17738817285822595,0.22062168309325247,262,1.1845734689387914e-05,42,64,1319.0,81.44730856709629,0.0,1.0,7.0713778314626925,0.004554155622800161,0.16111105939736942,0.5968900197907832,0.8537660676966533,0.9348229472707592,1944.3953189849854,0.6783599955838946,303.91453539832514,1024.0,2.811056613922119,,07ea5d98471c121c868150d4136edb4581bc7820,tasks/fkc-temperature,True,configs/tasks/tinygsm_bits_cfg.py,NVIDIA A100-SXM4-80GB,gpu-q-20,34635405,3,,0.025169072521432155,,2.295163971786557,0.13497772230604937,0.21794252220000343,0.03306742385753079,0.19876175822823178,1.2487154956847368e-23,1.0,0.7471738415770233,0.17133201494566278,0.7166235898843124,0.1614180471231175,AG,350000,1024.0
runs/guidance/ag_confirm/gsm8k_results_deterministic_g0.0_w0.0_s512_sd0.3998_ema1_ag15_bad000350000_agconf_b000350000_w15_s43.json,ag_confirm,gsm8k,tinigsm_gsm8k/runs/cobit_raw_binary_bits_cfg/checkpoints/last.pt,deterministic,ddim,,0.0,512,0.0,15.0,tinigsm_gsm8k/runs/cobit_raw_binary_bits_cfg/checkpoints/step=000350000.pt,1,0.0,prev,0.5,hold,1.0,learned,1.0,0.399844765663147,1319,0.20545868081880211,0.20550128885519334,0.18347232752084913,0.22820318423047764,271,8.46123906384851e-06,43,64,1319.0,81.60500379075057,0.0,1.0,7.072139308882763,0.0044940765065723184,0.16120850636862788,0.5972365921104611,0.8538843227078353,0.9346354166666667,1942.529956817627,0.6790114074538482,304.2063768056881,1024.0,2.811056613922119,,07ea5d98471c121c868150d4136edb4581bc7820,tasks/fkc-temperature,True,configs/tasks/tinygsm_bits_cfg.py,NVIDIA A100-SXM4-80GB,gpu-q-4,34636337,4,,0.025174012431200644,,2.4039039658276855,0.13601678748911084,0.21673413171591963,0.03364883404937995,0.19931933480325997,1.2291661851463018e-23,1.0,0.7457051266184345,0.17134735059447673,0.7145607201576536,0.16124202795132683,AG,350000,1024.0
runs/guidance/ag_confirm/gsm8k_results_deterministic_g0.0_w0.0_s512_sd0.3998_ema1_ag15_bad000350000_agconf_b000350000_w15_s44.json,ag_confirm,gsm8k,tinigsm_gsm8k/runs/cobit_raw_binary_bits_cfg/checkpoints/last.pt,deterministic,ddim,,0.0,512,0.0,15.0,tinigsm_gsm8k/runs/cobit_raw_binary_bits_cfg/checkpoints/step=000350000.pt,1,0.0,prev,0.5,hold,1.0,learned,1.0,0.399844765663147,1319,0.2100075815011372,0.20989825625473846,0.18802122820318423,0.2312357846853677,277,5.076743438309106e-06,44,64,1319.0,81.5253980288097,0.0,1.0,7.069881980113989,0.00505684899548372,0.16059405572294758,0.5955673975878659,0.8520315747325872,0.9328023171614772,1939.8349304199219,0.679954762807819,304.62901287795637,1024.0,2.811056613922119,,07ea5d98471c121c868150d4136edb4581bc7820,tasks/fkc-temperature,True,configs/tasks/tinygsm_bits_cfg.py,NVIDIA A100-SXM4-80GB,gpu-q-82,34636613,5,,0.025072037200144,,2.0672993760343505,0.13403709779332043,0.21226434170784245,0.032929177543660565,0.1983113182567262,1.1375424064218435e-23,1.0,0.7479188862877587,0.1710541424011657,0.7177618120359034,0.16122726611294114,AG,350000,1024.0
runs/guidance/ag_confirm/gsm8k_results_deterministic_g0.0_w0.0_s512_sd0.3998_ema1_ag6_bad000250000_agconf_b000250000_w6_s42.json,ag_confirm,gsm8k,tinigsm_gsm8k/runs/cobit_raw_binary_bits_cfg/checkpoints/last.pt,deterministic,ddim,,0.0,512,0.0,6.0,tinigsm_gsm8k/runs/cobit_raw_binary_bits_cfg/checkpoints/step=000250000.pt,1,0.0,prev,0.5,hold,1.0,learned,1.0,0.399844765663147,1319,0.18119787717968158,0.18115928733889308,0.1607278241091736,0.20242608036391205,239,2.8768212817084935e-05,42,64,1319.0,83.30477634571645,0.0,1.0,7.173463471359509,0.004232639666616237,0.1734544362435042,0.6113117170228445,0.8601933961824302,0.9370574573742942,1941.5742168426514,0.6793456508425061,304.3561224051267,1024.0,2.811056613922119,,07ea5d98471c121c868150d4136edb4581bc7820,tasks/fkc-temperature,True,configs/tasks/tinygsm_bits_cfg.py,NVIDIA A100-SXM4-80GB,gpu-q-63,34636978,6,,0.03634164693489313,,3.272719777088735,0.08518606266655572,0.1386478767418358,0.04135915510210652,0.19950412325228417,1.2625190964987091e-23,1.0,0.7331621790903484,0.16567709339627376,0.6993492817356517,0.15521568737139688,AG,250000,1024.0
runs/guidance/ag_confirm/gsm8k_results_deterministic_g0.0_w0.0_s512_sd0.3998_ema1_ag6_bad000250000_agconf_b000250000_w6_s43.json,ag_confirm,gsm8k,tinigsm_gsm8k/runs/cobit_raw_binary_bits_cfg/checkpoints/last.pt,deterministic,ddim,,0.0,512,0.0,6.0,tinigsm_gsm8k/runs/cobit_raw_binary_bits_cfg/checkpoints/step=000250000.pt,1,0.0,prev,0.5,hold,1.0,learned,1.0,0.399844765663147,1319,0.17210007581501138,0.17192395754359363,0.1516300227445034,0.19332827899924185,227,2.707596500431523e-05,43,64,1319.0,83.33813495072025,0.0,1.0,7.187055470423831,0.004364041603348681,0.175131683087252,0.6109075172185187,0.8597660437153376,0.9374893833871242,1946.8202586174011,0.6775150372313937,303.53598252550984,1024.0,2.811056613922119,,07ea5d98471c121c868150d4136edb4581bc7820,tasks/fkc-temperature,True,configs/tasks/tinygsm_bits_cfg.py,NVIDIA A100-SXM4-80GB,gpu-q-44,34637497,7,,0.03667112131261706,,2.9186307219150476,0.0868748722867329,0.14481934204481028,0.042012008400919364,0.20005659834437417,1.2227402068549424e-23,1.0,0.7313792314823893,0.16564624619232274,0.6969050352068038,0.1549365801786603,AG,250000,1024.0
runs/guidance/ag_confirm/gsm8k_results_deterministic_g0.0_w0.0_s512_sd0.3998_ema1_ag6_bad000250000_agconf_b000250000_w6_s44.json,ag_confirm,gsm8k,tinigsm_gsm8k/runs/cobit_raw_binary_bits_cfg/checkpoints/last.pt,deterministic,ddim,,0.0,512,0.0,6.0,tinigsm_gsm8k/runs/cobit_raw_binary_bits_cfg/checkpoints/step=000250000.pt,1,0.0,prev,0.5,hold,1.0,learned,1.0,0.399844765663147,1319,0.18423047763457165,0.18413267626990143,0.16376042456406367,0.2047005307050796,243,2.1999221566006126e-05,44,64,1319.0,82.1683093252464,0.0,1.0,7.149543055283873,0.0042090079512935525,0.17180291566709724,0.6093255247008714,0.858826199617938,0.9367284985108645,1946.9294290542603,0.6774770468391949,303.5189623113612,1024.0,2.811056613922119,,07ea5d98471c121c868150d4136edb4581bc7820,tasks/fkc-temperature,True,configs/tasks/tinygsm_bits_cfg.py,NVIDIA A100-SXM4-80GB,gpu-q-4,34635293,8,,0.03586312936083664,,2.5823149416941726,0.08410959586305766,0.1375691149304701,0.0401512760781602,0.1981907566355186,1.2408380903356211e-23,1.0,0.7361341613411356,0.16536165405497216,0.7029393029626497,0.15505369945493003,AG,250000,1024.0
runs/guidance/ag_confirm/gsm8k_results_deterministic_g0.0_w0.0_s512_sd0.3998_ema1_agconf_base_s42.json,ag_confirm,gsm8k,tinigsm_gsm8k/runs/cobit_raw_binary_bits_cfg/checkpoints/last.pt,deterministic,ddim,,0.0,512,0.0,0.0,,1,0.0,prev,0.5,hold,1.0,learned,1.0,0.399844765663147,1319,0.133434420015163,0.13349711902956787,0.1152388172858226,0.15238817285822592,176,1.0153486876618213e-05,42,64,1319.0,83.76269901440486,0.0,1.0,7.218013050361427,0.0044972028598465885,0.17992813374003241,0.6155234326334689,0.8597802401594882,0.9360156205996658,978.746612071991,1.3476419573067007,603.7619877416594,512.0,2.3059334754943848,,07ea5d98471c121c868150d4136edb4581bc7820,tasks/fkc-temperature,True,configs/tasks/tinygsm_bits_cfg.py,NVIDIA A100-SXM4-80GB,gpu-q-7,34635402,0,,,,2.0096475767680304,0.0,0.0,0.04754695256688695,0.199392436840017,1.2811167628058906e-23,1.0,0.72352295839006,0.16040913388825995,0.6881584863239407,0.14999316779514105,baseline,,512.0
runs/guidance/ag_confirm/gsm8k_results_deterministic_g0.0_w0.0_s512_sd0.3998_ema1_agconf_base_s43.json,ag_confirm,gsm8k,tinigsm_gsm8k/runs/cobit_raw_binary_bits_cfg/checkpoints/last.pt,deterministic,ddim,,0.0,512,0.0,0.0,,1,0.0,prev,0.5,hold,1.0,learned,1.0,0.399844765663147,1319,0.14101592115238817,0.14096618650492798,0.12206216830932524,0.1599696739954511,186,1.0153486876618213e-05,43,64,1319.0,84.33206974981046,0.0,1.0,7.236132159768941,0.0043777892258543205,0.18046640415700235,0.6168584815539281,0.8605197244834064,0.9370880990333436,975.7756941318512,1.3517450864294338,605.6002455828244,512.0,2.3059334754943848,,07ea5d98471c121c868150d4136edb4581bc7820,tasks/fkc-temperature,True,configs/tasks/tinygsm_bits_cfg.py,NVIDIA A100-SXM4-80GB,gpu-q-20,34635403,1,,,,2.0220447321432187,0.0,0.0,0.04861900628785783,0.1998021192737811,1.2371492790743145e-23,1.0,0.7212449871114494,0.16000751303883076,0.6853462615593643,0.14944084069117838,baseline,,512.0
runs/guidance/ag_confirm/gsm8k_results_deterministic_g0.0_w0.0_s512_sd0.3998_ema1_agconf_base_s44.json,ag_confirm,gsm8k,tinigsm_gsm8k/runs/cobit_raw_binary_bits_cfg/checkpoints/last.pt,deterministic,ddim,,0.0,512,0.0,0.0,,1,0.0,prev,0.5,hold,1.0,learned,1.0,0.399844765663147,1319,0.14101592115238817,0.14105451099317665,0.12282031842304776,0.1599696739954511,186,1.1845734689387914e-05,44,64,1319.0,83.53373768006065,0.0,1.0,7.2143653987231415,0.004278138107201708,0.17759867853804195,0.6152927559662692,0.8599536929414281,0.9367374604609128,977.5264217853546,1.3493241416339192,604.5156292765215,512.0,2.3059334754943848,,07ea5d98471c121c868150d4136edb4581bc7820,tasks/fkc-temperature,True,configs/tasks/tinygsm_bits_cfg.py,NVIDIA A100-SXM4-80GB,gpu-q-20,34635404,2,,,,1.9842758247270829,0.0,0.0,0.0469292918491858,0.19836850658092378,1.2551414739760962e-23,1.0,0.725340323583666,0.16003109992431888,0.6905481992039956,0.149789452128711,baseline,,512.0
runs/guidance/ag_high/gsm8k_results_deterministic_g0.0_w0.0_s256_sd0.3998_ema1_ag10_bad000250000_aghigh_b000250000_w10.json,ag_high,gsm8k,tinigsm_gsm8k/runs/cobit_raw_binary_bits_cfg/checkpoints/last.pt,deterministic,ddim,,0.0,256,0.0,10.0,tinigsm_gsm8k/runs/cobit_raw_binary_bits_cfg/checkpoints/step=000250000.pt,1,0.0,prev,0.5,hold,1.0,learned,1.0,0.399844765663147,250,0.192,0.19163000000000002,0.144,0.24,48,6.247099560918145e-05,42,64,250.0,82.66,0.0,1.0,6.719816582964048,0.003734864893880009,0.23832567142511493,0.7134459955914768,0.9066203818497397,0.95671604318353,184.54513001441956,1.354682185221935,607.179392873953,512.0,2.8110556602478027,,4c81e7357d5bcf660389181414ba70826dc07686,tasks/fkc-temperature,True,configs/tasks/tinygsm_bits_cfg.py,NVIDIA A100-SXM4-80GB,gpu-q-29,34634659,2,,0.03178938712404372,,8.988467938041445,0.12445458445454356,0.20546449792837448,0.03702559535448735,0.19768660624686163,1.5832141756085344e-23,1.0,0.7412630656617694,0.16734436553088017,0.7086181359481998,0.15712035984324757,AG,250000,512.0
runs/guidance/ag_high/gsm8k_results_deterministic_g0.0_w0.0_s256_sd0.3998_ema1_ag10_bad000350000_aghigh_b000350000_w10.json,ag_high,gsm8k,tinigsm_gsm8k/runs/cobit_raw_binary_bits_cfg/checkpoints/last.pt,deterministic,ddim,,0.0,256,0.0,10.0,tinigsm_gsm8k/runs/cobit_raw_binary_bits_cfg/checkpoints/step=000350000.pt,1,0.0,prev,0.5,hold,1.0,learned,1.0,0.399844765663147,250,0.188,0.18771520000000003,0.14,0.236,47,1.7848855888337558e-05,42,64,250.0,80.74,0.0,1.0,6.6387088939280865,0.004368324684204191,0.2300718355214268,0.709556057185854,0.9030226060452121,0.9546694108567019,184.1870722770691,1.3573156731864968,608.3597432475734,512.0,2.8110556602478027,,4c81e7357d5bcf660389181414ba70826dc07686,tasks/fkc-temperature,True,configs/tasks/tinygsm_bits_cfg.py,NVIDIA A100-SXM4-80GB,gpu-q-65,34634664,7,,0.0285473760218401,,3.449136466311341,0.105264435025786,0.1665968742334858,0.03474482472378604,0.1970024334732443,1.5832141756085344e-23,1.0,0.745794732531067,0.16841706172272097,0.7143341469054576,0.15857316142501077,AG,350000,512.0
runs/guidance/ag_high/gsm8k_results_deterministic_g0.0_w0.0_s256_sd0.3998_ema1_ag10_bad000425000_aghigh_b000425000_w10.json,ag_high,gsm8k,tinigsm_gsm8k/runs/cobit_raw_binary_bits_cfg/checkpoints/last.pt,deterministic,ddim,,0.0,256,0.0,10.0,tinigsm_gsm8k/runs/cobit_raw_binary_bits_cfg/checkpoints/step=000425000.pt,1,0.0,prev,0.5,hold,1.0,learned,1.0,0.399844765663147,250,0.184,0.18367680000000003,0.136,0.232,46,4.462213972084389e-05,42,64,250.0,84.304,0.0,1.0,6.750755713573648,0.004111388997732658,0.24098500664262668,0.7162201094785364,0.9076108087091758,0.9576404604939487,184.62928247451782,1.3540647325784008,606.9026456594999,512.0,2.8110556602478027,,05a72bd38a79577149ce085040b16754b688df13,tasks/fkc-temperature,True,configs/tasks/tinygsm_bits_cfg.py,NVIDIA A100-SXM4-80GB,gpu-q-20,34635034,12,,0.026080684709318708,,4.021443723503065,0.10639689353174522,0.15827855071173774,0.0422688569560874,0.19907891681941692,1.4274776501302548e-23,1.0,0.7318921178230084,0.16465197742218152,0.6976082141336519,0.15411237033549696,AG,425000,512.0
runs/guidance/ag_high/gsm8k_results_deterministic_g0.0_w0.0_s256_sd0.3998_ema1_ag15_bad000250000_aghigh_b000250000_w15.json,ag_high,gsm8k,tinigsm_gsm8k/runs/cobit_raw_binary_bits_cfg/checkpoints/last.pt,deterministic,ddim,,0.0,256,0.0,15.0,tinigsm_gsm8k/runs/cobit_raw_binary_bits_cfg/checkpoints/step=000250000.pt,1,0.0,prev,0.5,hold,1.0,learned,1.0,0.399844765663147,250,0.192,0.19153520000000004,0.144,0.24,48,5.354656766501267e-05,42,64,250.0,83.432,0.0,1.0,6.746291855147212,0.004231318133572055,0.23990794898839773,0.7165178571428571,0.9070635622359761,0.9568331012532325,184.74274492263794,1.3532331139969198,606.5299075583315,512.0,2.8110556602478027,,4c81e7357d5bcf660389181414ba70826dc07686,tasks/fkc-temperature,True,configs/tasks/tinygsm_bits_cfg.py,NVIDIA A100-SXM4-80GB,gpu-q-32,34634660,3,,0.02878847006259755,,6.9340500309742135,0.16675269631941994,0.2735536754341198,0.035425980972222604,0.19882183503068518,1.5832141756085344e-23,1.0,0.7430745813180692,0.16968426018138416,0.7114494554989506,0.15947237632644828,AG,250000,512.0
runs/guidance/ag_high/gsm8k_results_deterministic_g0.0_w0.0_s256_sd0.3998_ema1_ag15_bad000350000_aghigh_b000350000_w15.json,ag_high,gsm8k,tinigsm_gsm8k/runs/cobit_raw_binary_bits_cfg/checkpoints/last.pt,deterministic,ddim,,0.0,256,0.0,15.0,tinigsm_gsm8k/runs/cobit_raw_binary_bits_cfg/checkpoints/step=000350000.pt,1,0.0,prev,0.5,hold,1.0,learned,1.0,0.399844765663147,250,0.22,0.21974840000000004,0.172,0.272,55,8.924427944168779e-06,42,64,250.0,80.916,0.0,1.0,6.639669983405401,0.004549742099445656,0.22922536951900738,0.7088943390560088,0.9030868264990622,0.9549771548847477,184.37047123908997,1.355965509660179,607.7545891537695,512.0,2.8110556602478027,,4c81e7357d5bcf660389181414ba70826dc07686,tasks/fkc-temperature,True,configs/tasks/tinygsm_bits_cfg.py,NVIDIA A100-SXM4-80GB,gpu-q-1,34634872,8,,0.025383372852019748,,3.4829367501286606,0.13531783372953435,0.2121367322170581,0.03211810368760304,0.1971088610443985,1.5832141756085344e-23,1.0,0.7499970076023601,0.17059529024118092,0.7198716006532777,0.1609789595604525,AG,350000,512.0
runs/guidance/ag_high/gsm8k_results_deterministic_g0.0_w0.0_s256_sd0.3998_ema1_ag15_bad000425000_aghigh_b000425000_w15.json,ag_high,gsm8k,tinigsm_gsm8k/runs/cobit_raw_binary_bits_cfg/checkpoints/last.pt,deterministic,ddim,,0.0,256,0.0,15.0,tinigsm_gsm8k/runs/cobit_raw_binary_bits_cfg/checkpoints/step=000425000.pt,1,0.0,prev,0.5,hold,1.0,learned,1.0,0.399844765663147,250,0.164,0.1638328,0.12,0.212,41,3.5697711776675117e-05,42,64,250.0,85.4,0.0,1.0,6.779397536757601,0.004103614187742362,0.24519906323185012,0.7210900473933649,0.9099280575539568,0.9590776699029127,185.13064074516296,1.3503977461198946,605.2590729929058,512.0,2.8110556602478027,,07ea5d98471c121c868150d4136edb4581bc7820,tasks/fkc-temperature,True,configs/tasks/tinygsm_bits_cfg.py,NVIDIA A100-SXM4-80GB,gpu-q-25,34635035,13,,0.023675932509363007,,5.578989966753672,0.14471874468450852,0.22076130112955814,0.041666711394320544,0.20040716147923376,1.4274776501302548e-23,1.0,0.7319917291169986,0.1662543486818322,0.698009960266063,0.15550048249133397,AG,425000,512.0
runs/guidance/ag_high/gsm8k_results_deterministic_g0.0_w0.0_s256_sd0.3998_ema1_ag20_bad000250000_aghigh_b000250000_w20.json,ag_high,gsm8k,tinigsm_gsm8k/runs/cobit_raw_binary_bits_cfg/checkpoints/last.pt,deterministic,ddim,,0.0,256,0.0,20.0,tinigsm_gsm8k/runs/cobit_raw_binary_bits_cfg/checkpoints/step=000250000.pt,1,0.0,prev,0.5,hold,1.0,learned,1.0,0.399844765663147,250,0.204,0.20394000000000007,0.156,0.256,51,8.031985149751901e-05,42,64,250.0,83.404,0.0,1.0,6.750097284914389,0.004380291072362424,0.24401707352165364,0.7186544342507645,0.9098815783008206,0.9582110342769017,184.09923243522644,1.3579632934534918,608.6500118322026,512.0,2.8110556602478027,,4c81e7357d5bcf660389181414ba70826dc07686,tasks/fkc-temperature,True,configs/tasks/tinygsm_bits_cfg.py,NVIDIA A100-SXM4-80GB,gpu-q-32,34634661,4,,0.026867805942046463,,4.870370848330694,0.20315271851369027,0.31932445839815343,0.03375839652935042,0.1992890242690919,1.5832141756085344e-23,1.0,0.7453603358590044,0.17132643672812264,0.7144672061840538,0.16116029389377218,AG,250000,512.0
runs/guidance/ag_high/gsm8k_results_deterministic_g0.0_w0.0_s256_sd0.3998_ema1_ag20_bad000350000_aghigh_b000350000_w20.json,ag_high,gsm8k,tinigsm_gsm8k/runs/cobit_raw_binary_bits_cfg/checkpoints/last.pt,deterministic,ddim,,0.0,256,0.0,20.0,tinigsm_gsm8k/runs/cobit_raw_binary_bits_cfg/checkpoints/step=000350000.pt,1,0.0,prev,0.5,hold,1.0,learned,1.0,0.399844765663147,250,0.196,0.19580720000000004,0.148,0.244,49,0.0,42,64,250.0,80.892,0.0,1.0,6.637467402924969,0.00418304836729487,0.22850220046481728,0.706453712511891,0.9038178776048269,0.9553741077389205,184.4514925479889,1.3553698945263741,607.4876296858771,512.0,2.8110556602478027,,05a72bd38a79577149ce085040b16754b688df13,tasks/fkc-temperature,True,configs/tasks/tinygsm_bits_cfg.py,NVIDIA A100-SXM4-80GB,gpu-q-7,34635031,9,,0.023296905322323813,,3.485546036350035,0.15989973342474476,0.24418499853213216,0.029956361783060714,0.19724544920609333,1.5832141756085344e-23,1.0,0.7534896123688668,0.17237505477532977,0.7244084648846183,0.16287738849496236,AG,350000,512.0
runs/guidance/ag_high/gsm8k_results_deterministic_g0.0_w0.0_s256_sd0.3998_ema1_ag20_bad000425000_aghigh_b000425000_w20.json,ag_high,gsm8k,tinigsm_gsm8k/runs/cobit_raw_binary_bits_cfg/checkpoints/last.pt,deterministic,ddim,,0.0,256,0.0,20.0,tinigsm_gsm8k/runs/cobit_raw_binary_bits_cfg/checkpoints/step=000425000.pt,1,0.0,prev,0.5,hold,1.0,learned,1.0,0.399844765663147,250,0.168,0.1677896,0.1239000000000001,0.216,42,6.247099560918145e-05,42,64,250.0,85.112,0.0,1.0,6.777275855212715,0.004288601869150739,0.24381990788607952,0.7190412782956058,0.9101453460390798,0.9588854247856586,184.86754751205444,1.3523195572424551,606.1204441125263,512.0,2.8110556602478027,,07ea5d98471c121c868150d4136edb4581bc7820,tasks/fkc-temperature,True,configs/tasks/tinygsm_bits_cfg.py,NVIDIA A100-SXM4-80GB,gpu-q-25,34634489,14,,0.022118881636341292,,4.0095816019409884,0.17716991074953697,0.26718746916640346,0.04003382227459795,0.20084579339891206,1.4274776501302548e-23,1.0,0.7342887380509637,0.16775778257579077,0.7007218309154268,0.15690973572054645,AG,425000,512.0
runs/guidance/ag_high/gsm8k_results_deterministic_g0.0_w0.0_s256_sd0.3998_ema1_ag6_bad000250000_aghigh_b000250000_w6.json,ag_high,gsm8k,tinigsm_gsm8k/runs/cobit_raw_binary_bits_cfg/checkpoints/last.pt,deterministic,ddim,,0.0,256,0.0,6.0,tinigsm_gsm8k/runs/cobit_raw_binary_bits_cfg/checkpoints/step=000250000.pt,1,0.0,prev,0.5,hold,1.0,learned,1.0,0.399844765663147,250,0.208,0.20754880000000003,0.16,0.26,52,5.354656766501267e-05,42,64,250.0,82.864,0.0,1.0,6.709629644010086,0.004265099922417111,0.2379320332110446,0.715821362259357,0.9071032845271072,0.9564259240709205,184.3573980331421,1.356061664284594,607.7976864256693,512.0,2.8110556602478027,,4c81e7357d5bcf660389181414ba70826dc07686,tasks/fkc-temperature,True,configs/tasks/tinygsm_bits_cfg.py,NVIDIA A100-SXM4-80GB,gpu-q-44,34634518,0,,0.036214199996793706,,6.250355337923093,0.08421500103223444,0.1426990637096124,0.040151917223743006,0.197675147865084,1.5832141756085344e-23,1.0,0.7364392129238695,0.16499585177371046,0.7031241106742527,0.15479848350514658,AG,250000,512.0
runs/guidance/ag_high/gsm8k_results_deterministic_g0.0_w0.0_s256_sd0.3998_ema1_ag6_bad000350000_aghigh_b000350000_w6.json,ag_high,gsm8k,tinigsm_gsm8k/runs/cobit_raw_binary_bits_cfg/checkpoints/last.pt,deterministic,ddim,,0.0,256,0.0,6.0,tinigsm_gsm8k/runs/cobit_raw_binary_bits_cfg/checkpoints/step=000350000.pt,1,0.0,prev,0.5,hold,1.0,learned,1.0,0.399844765663147,250,0.188,0.1879048,0.14,0.236,47,2.6773283832506336e-05,42,64,250.0,80.684,0.0,1.0,6.645249496418298,0.003998822617383148,0.23221456546527192,0.7108076903769891,0.9050378730110314,0.9561299624118222,184.53364443778992,1.3547665021284514,607.217184385989,512.0,2.8110556602478027,,4c81e7357d5bcf660389181414ba70826dc07686,tasks/fkc-temperature,True,configs/tasks/tinygsm_bits_cfg.py,NVIDIA A100-SXM4-80GB,gpu-q-41,34634662,5,,0.03268245788737781,,2.9163190542594206,0.07288531413667104,0.11744523769853085,0.03778380726675756,0.19696211892005522,1.695632494958001e-23,1.0,0.7409098693169653,0.16603028544341214,0.7081593084731139,0.1560223068081541,AG,350000,512.0
runs/guidance/ag_high/gsm8k_results_deterministic_g0.0_w0.0_s256_sd0.3998_ema1_ag6_bad000425000_aghigh_b000425000_w6.json,ag_high,gsm8k,tinigsm_gsm8k/runs/cobit_raw_binary_bits_cfg/checkpoints/last.pt,deterministic,ddim,,0.0,256,0.0,6.0,tinigsm_gsm8k/runs/cobit_raw_binary_bits_cfg/checkpoints/step=000425000.pt,1,0.0,prev,0.5,hold,1.0,learned,1.0,0.399844765663147,250,0.148,0.14765680000000003,0.104,0.192,37,4.462213972084389e-05,42,64,250.0,82.6,0.0,1.0,6.7232860903105705,0.004241231681703747,0.24232445520581114,0.7176960784313725,0.9075930521091812,0.9570854271356783,184.43688654899597,1.3554772295160549,607.5357380869319,512.0,2.8110556602478027,,05a72bd38a79577149ce085040b16754b688df13,tasks/fkc-temperature,True,configs/tasks/tinygsm_bits_cfg.py,NVIDIA A100-SXM4-80GB,gpu-q-20,34635032,10,,0.029113698431477347,,4.776987995843028,0.06999923070213876,0.1066412534023414,0.04299651360097112,0.19773312367033213,1.4274776501302548e-23,1.0,0.7316708878497593,0.16254389344976516,0.6969442960689776,0.15221864457271295,AG,425000,512.0
runs/guidance/ag_high/gsm8k_results_deterministic_g0.0_w0.0_s256_sd0.3998_ema1_ag8_bad000250000_aghigh_b000250000_w8.json,ag_high,gsm8k,tinigsm_gsm8k/runs/cobit_raw_binary_bits_cfg/checkpoints/last.pt,deterministic,ddim,,0.0,256,0.0,8.0,tinigsm_gsm8k/runs/cobit_raw_binary_bits_cfg/checkpoints/step=000250000.pt,1,0.0,prev,0.5,hold,1.0,learned,1.0,0.399844765663147,250,0.188,0.18766600000000003,0.14,0.236,47,7.139542355335023e-05,42,64,250.0,82.672,0.0,1.0,6.722935172876816,0.004050813448942409,0.23993613315269982,0.7153981780781663,0.9071796905989686,0.9571242092579576,184.45959091186523,1.3553103894687155,607.460959042994,512.0,2.8110556602478027,,4c81e7357d5bcf660389181414ba70826dc07686,tasks/fkc-temperature,True,configs/tasks/tinygsm_bits_cfg.py,NVIDIA A100-SXM4-80GB,gpu-q-20,34634658,1,,0.03385382571210083,,7.307675179391897,0.106112642386119,0.17644593504137648,0.038600916967008736,0.19761144643416628,1.5832141756085344e-23,1.0,0.7390251796459779,0.16620783663529437,0.7060202142165508,0.1559688357228879,AG,250000,512.0
runs/guidance/ag_high/gsm8k_results_deterministic_g0.0_w0.0_s256_sd0.3998_ema1_ag8_bad000350000_aghigh_b000350000_w8.json,ag_high,gsm8k,tinigsm_gsm8k/runs/cobit_raw_binary_bits_cfg/checkpoints/last.pt,deterministic,ddim,,0.0,256,0.0,8.0,tinigsm_gsm8k/runs/cobit_raw_binary_bits_cfg/checkpoints/step=000350000.pt,1,0.0,prev,0.5,hold,1.0,learned,1.0,0.399844765663147,250,0.2,0.19965520000000006,0.152,0.248,50,1.7848855888337558e-05,42,64,250.0,80.768,0.0,1.0,6.633524374768528,0.004271140830384451,0.2289025356576862,0.7085548089459432,0.9029047328864513,0.9551486472585125,184.1283402442932,1.3577486207083127,608.5537937904314,512.0,2.8110556602478027,,4c81e7357d5bcf660389181414ba70826dc07686,tasks/fkc-temperature,True,configs/tasks/tinygsm_bits_cfg.py,NVIDIA A100-SXM4-80GB,gpu-q-65,34634663,6,,0.0303627726362376,,2.9874112040746796,0.09035780806376947,0.14296000934912978,0.03613625062819903,0.1969725227827439,1.5832141756085344e-23,1.0,0.74357053701533,0.16728116700687679,0.7115880259661935,0.1573696362465853,AG,350000,512.0
runs/guidance/ag_high/gsm8k_results_deterministic_g0.0_w0.0_s256_sd0.3998_ema1_ag8_bad000425000_aghigh_b000425000_w8.json,ag_high,gsm8k,tinigsm_gsm8k/runs/cobit_raw_binary_bits_cfg/checkpoints/last.pt,deterministic,ddim,,0.0,256,0.0,8.0,tinigsm_gsm8k/runs/cobit_raw_binary_bits_cfg/checkpoints/step=000425000.pt,1,0.0,prev,0.5,hold,1.0,learned,1.0,0.399844765663147,250,0.152,0.1517708,0.108,0.196,38,4.462213972084389e-05,42,64,250.0,83.672,0.0,1.0,6.749663960220838,0.004597405580076581,0.24337890811741084,0.7152603057867234,0.9062591830737584,0.9568127727092424,184.25725483894348,1.3567986792081608,608.1280224105313,512.0,2.8110556602478027,,05a72bd38a79577149ce085040b16754b688df13,tasks/fkc-temperature,True,configs/tasks/tinygsm_bits_cfg.py,NVIDIA A100-SXM4-80GB,gpu-q-20,34635033,11,,0.027284953310923926,,4.71539506907193,0.08870683012306357,0.13460227592717874,0.04280619903809768,0.19813726002757903,1.4274776501302548e-23,1.0,0.731767336896155,0.1632365796031081,0.6973827859910671,0.15291644516400993,AG,425000,512.0
runs/guidance/cfg_coarse/gsm8k_results_deterministic_g0.0_w0.0_s256_sd0.3998_ema1_cfg_w0.json,cfg_coarse,gsm8k,tinigsm_gsm8k/runs/cobit_raw_binary_bits_cfg/checkpoints/last.pt,deterministic,ddim,,0.0,256,0.0,0.0,,1,0.0,prev,0.5,hold,1.0,learned,1.0,0.399844765663147,250,0.164,0.16370520000000002,0.12,0.212,41,2.6773283832506336e-05,42,64,250.0,83.54,0.0,1.0,6.764412814392553,0.004000101140416859,0.2474503231984678,0.721492609643809,0.9079224920284523,0.9566923267941395,93.0557587146759,2.6865612988717946,1204.1382666447294,256.0,2.3059325218200684,,1f5ab01b4d40769bbf818d83fc236160066116d7,tasks/fkc-temperature,True,configs/tasks/tinygsm_bits_cfg.py,NVIDIA A100-SXM4-80GB,gpu-q-13,34633169,0,,,,3.41029638684988,0.0,0.0,0.04693843339292503,0.19820427570084576,1.5832141756085344e-23,1.0,0.7255221153609455,0.1598481901382911,0.6902324031107128,0.14961533748282818,baseline,,256.0
runs/guidance/cfg_coarse/gsm8k_results_deterministic_g0.0_w0.25_s256_sd0.3998_ema1_cfg_w0.25.json,cfg_coarse,gsm8k,tinigsm_gsm8k/runs/cobit_raw_binary_bits_cfg/checkpoints/last.pt,deterministic,ddim,,0.0,256,0.25,0.0,,1,0.0,prev,0.5,hold,1.0,learned,1.0,0.399844765663147,250,0.0,0.0,0.0,0.0,0,3.5697711776675117e-05,42,64,250.0,86.52,0.0,1.0,6.722169811540366,0.004730977022190125,0.2343042071197411,0.6411599625818521,0.8344060577378135,0.9086685823754789,177.4066698551178,1.40919166232119,631.610976585656,512.0,3.8148741722106934,,1f5ab01b4d40769bbf818d83fc236160066116d7,tasks/fkc-temperature,True,configs/tasks/tinygsm_bits_cfg.py,NVIDIA A100-SXM4-80GB,gpu-q-13,34633170,1,0.22459750862673075,,,13.1491616074251,0.1322018493421972,0.3069962731244757,0.06689788055240697,0.20000207956763916,1.5832141756085344e-23,1.0,0.69240001559956,0.14264340157387778,0.6480367440672126,0.12995845374825876,CFG,,512.0
runs/guidance/cfg_coarse/gsm8k_results_deterministic_g0.0_w0.5_s256_sd0.3998_ema1_cfg_w0.5.json,cfg_coarse,gsm8k,tinigsm_gsm8k/runs/cobit_raw_binary_bits_cfg/checkpoints/last.pt,deterministic,ddim,,0.0,256,0.5,0.0,,1,0.0,prev,0.5,hold,1.0,learned,1.0,0.399844765663147,250,0.0,0.0,0.0,0.0,0,0.0007496519473101774,42,64,250.0,77.908,0.0,1.0,8.281238520475632,5.47945205479452e-05,0.5830466704317914,0.9055494876995891,0.9555251093428888,0.9720190099855823,178.39755177497864,1.4013645227336806,628.1027900054174,512.0,3.8148741722106934,,1f5ab01b4d40769bbf818d83fc236160066116d7,tasks/fkc-temperature,True,configs/tasks/tinygsm_bits_cfg.py,NVIDIA A100-SXM4-80GB,gpu-q-17,34633171,2,0.24689934066213937,,,92.0867163354228,0.11803804770927626,0.5839572878237645,0.05695353041850382,0.19893407037307043,1.695632494958001e-23,1.0,0.7085718318703584,0.15091552746889647,0.6671259436407126,0.13852065102400957,CFG,,512.0
runs/guidance/cfg_coarse/gsm8k_results_deterministic_g0.0_w0.75_s256_sd0.3998_ema1_cfg_w0.75.json,cfg_coarse,gsm8k,tinigsm_gsm8k/runs/cobit_raw_binary_bits_cfg/checkpoints/last.pt,deterministic,ddim,,0.0,256,0.75,0.0,,1,0.0,prev,0.5,hold,1.0,learned,1.0,0.399844765663147,250,0.128,0.127918,0.088,0.172,32,2.6773283832506336e-05,42,64,250.0,84.38,0.0,1.0,6.861537634544966,0.0039187522136513225,0.26465987200758473,0.7313504437514992,0.9113862588006798,0.9577783239125092,177.32905530929565,1.4098084465850922,631.887424227011,512.0,3.8148741722106934,,1f5ab01b4d40769bbf818d83fc236160066116d7,tasks/fkc-temperature,True,configs/tasks/tinygsm_bits_cfg.py,NVIDIA A100-SXM4-80GB,gpu-q-20,34633172,3,0.21640360299375647,,,9.89409082846458,0.03955845956418844,0.08423874196765589,0.050189737426060255,0.19825069908984005,1.695632494958001e-23,1.0,0.7200373770319857,0.15685994996601949,0.682789505837718,0.1460194379251334,CFG,,512.0
runs/guidance/cfg_coarse/gsm8k_results_deterministic_g0.0_w1.0_s256_sd0.3998_ema1_cfg_w1.json,cfg_coarse,gsm8k,tinigsm_gsm8k/runs/cobit_raw_binary_bits_cfg/checkpoints/last.pt,deterministic,ddim,,0.0,256,1.0,0.0,,1,0.0,prev,0.5,hold,1.0,learned,1.0,0.399844765663147,250,0.164,0.16370520000000002,0.12,0.212,41,2.6773283832506336e-05,42,64,250.0,83.612,0.0,1.0,6.765359294894027,0.003999362872179836,0.24728507869683777,0.7217837602285382,0.9080527373425477,0.9567806281943135,177.41058564186096,1.4091605587993232,631.5970357383271,512.0,3.8148741722106934,,1f5ab01b4d40769bbf818d83fc236160066116d7,tasks/fkc-temperature,True,configs/tasks/tinygsm_bits_cfg.py,NVIDIA A100-SXM4-80GB,gpu-q-20,34633173,4,0.19126834158471331,,,3.4347885510505236,1.991585960770231e-09,3.6631750506819395e-09,0.04693873926080627,0.19820629442983773,1.5832141756085344e-23,1.0,0.7255196502665058,0.1598496324950247,0.6902311570011079,0.1496159583766712,CFG,,512.0
runs/guidance/cfg_coarse/gsm8k_results_deterministic_g0.0_w1.25_s256_sd0.3998_ema1_cfg_w1.25.json,cfg_coarse,gsm8k,tinigsm_gsm8k/runs/cobit_raw_binary_bits_cfg/checkpoints/last.pt,deterministic,ddim,,0.0,256,1.25,0.0,,1,0.0,prev,0.5,hold,1.0,learned,1.0,0.399844765663147,250,0.14,0.13984839999999998,0.1,0.184,35,2.6773283832506336e-05,42,64,250.0,83.18,0.0,1.0,6.739042625112142,0.004083565596239455,0.2427506612166386,0.7174981747383792,0.9074648928307465,0.9565477675230731,177.3236060142517,1.4098517711167413,631.9068426286924,512.0,3.8148741722106934,,1f5ab01b4d40769bbf818d83fc236160066116d7,tasks/fkc-temperature,True,configs/tasks/tinygsm_bits_cfg.py,NVIDIA A100-SXM4-80GB,gpu-q-23,34633174,5,0.17335443540719597,,,3.1895974565278746,0.023721003314802758,0.04304570502986643,0.044569197599853005,0.1981838272913592,1.5832141756085344e-23,1.0,0.7293249128269963,0.16189452366961632,0.6951879455009475,0.15197628431633348,CFG,,512.0
runs/guidance/cfg_coarse/gsm8k_results_deterministic_g0.0_w1.5_s256_sd0.3998_ema1_cfg_w1.5.json,cfg_coarse,gsm8k,tinigsm_gsm8k/runs/cobit_raw_binary_bits_cfg/checkpoints/last.pt,deterministic,ddim,,0.0,256,1.5,0.0,,1,0.0,prev,0.5,hold,1.0,learned,1.0,0.399844765663147,250,0.168,0.16775800000000002,0.124,0.216,42,2.6773283832506336e-05,42,64,250.0,82.8,0.0,1.0,6.711101394445223,0.00392122044789584,0.23777777777777778,0.7132029339853301,0.9060891089108911,0.9564411027568922,177.07226061820984,1.4118529866122373,632.8038034234976,512.0,3.8148741722106934,,1f5ab01b4d40769bbf818d83fc236160066116d7,tasks/fkc-temperature,True,configs/tasks/tinygsm_bits_cfg.py,NVIDIA A100-SXM4-80GB,gpu-q-29,34633175,6,0.15953909163256433,,,3.273261670141933,0.04027282960110125,0.0707403932305024,0.042354755868977634,0.1980861678312067,1.5832141756085344e-23,1.0,0.7328975554555655,0.16357267818966648,0.6995503380603623,0.15381924303801497,CFG,,512.0
runs/guidance/cfg_coarse/gsm8k_results_deterministic_g0.0_w2.0_s256_sd0.3998_ema1_cfg_w2.json,cfg_coarse,gsm8k,tinigsm_gsm8k/runs/cobit_raw_binary_bits_cfg/checkpoints/last.pt,deterministic,ddim,,0.0,256,2.0,0.0,,1,0.0,prev,0.5,hold,1.0,learned,1.0,0.399844765663147,250,0.188,0.18778440000000005,0.14,0.236,47,1.7848855888337558e-05,42,64,250.0,81.936,0.0,1.0,6.670458475458323,0.00410758014265368,0.2331087678187854,0.7097953938914698,0.9045236188951161,0.9559643255295429,179.7811257839203,1.3905797892292435,623.2689861708608,512.0,3.8148741722106934,,1f5ab01b4d40769bbf818d83fc236160066116d7,tasks/fkc-temperature,True,configs/tasks/tinygsm_bits_cfg.py,NVIDIA A100-SXM4-80GB,gpu-q-41,34633176,7,0.1396697142573503,,,3.03463930281233,0.06247265323659076,0.1079555915622994,0.0391476523346741,0.1976410387433134,1.695632494958001e-23,1.0,0.7382505314308219,0.1657871443530894,0.7063869667472318,0.15640111582615646,CFG,,512.0
runs/guidance/cfg_coarse/gsm8k_results_deterministic_g0.0_w3.0_s256_sd0.3998_ema1_cfg_w3.json,cfg_coarse,gsm8k,tinigsm_gsm8k/runs/cobit_raw_binary_bits_cfg/checkpoints/last.pt,deterministic,ddim,,0.0,256,3.0,0.0,,1,0.0,prev,0.5,hold,1.0,learned,1.0,0.399844765663147,250,0.196,0.19573200000000007,0.148,0.248,49,2.6773283832506336e-05,42,64,250.0,80.948,0.0,1.0,6.6582095258354865,0.004239099344688478,0.23516331472056134,0.7093610847050583,0.9036834371991691,0.9554574844768307,177.14310216903687,1.4112883704692054,632.5507379512616,512.0,3.8148741722106934,,1f5ab01b4d40769bbf818d83fc236160066116d7,tasks/fkc-temperature,True,configs/tasks/tinygsm_bits_cfg.py,NVIDIA A100-SXM4-80GB,gpu-q-44,34633177,8,0.11662402869163299,,,3.5271112787919425,0.09029569330394849,0.14824635299780686,0.03589330875158758,0.19744571807677858,1.5832141756085344e-23,1.0,0.7436337724211626,0.16825436327781063,0.7134224599867593,0.1592468457238283,CFG,,512.0
runs/guidance/cfg_coarse/gsm8k_results_deterministic_g0.0_w4.0_s256_sd0.3998_ema1_cfg_w4.json,cfg_coarse,gsm8k,tinigsm_gsm8k/runs/cobit_raw_binary_bits_cfg/checkpoints/last.pt,deterministic,ddim,,0.0,256,4.0,0.0,,1,0.0,prev,0.5,hold,1.0,learned,1.0,0.399844765663147,250,0.216,0.21573720000000002,0.168,0.268,54,2.6773283832506336e-05,42,64,250.0,81.096,0.0,1.0,6.642930057313154,0.004155030127629835,0.23281049620203215,0.708050339592489,0.9036108020633155,0.9554906781397254,177.17772221565247,1.4110126085474315,632.4271392518272,512.0,3.8148741722106934,,1f5ab01b4d40769bbf818d83fc236160066116d7,tasks/fkc-temperature,True,configs/tasks/tinygsm_bits_cfg.py,NVIDIA A100-SXM4-80GB,gpu-q-44,34633178,9,0.1039515594241818,,,3.3515514000139293,0.1099870650091303,0.1777509441013544,0.03402408023960124,0.19773966708453372,1.5832141756085344e-23,1.0,0.7464428815874271,0.1699749127801624,0.7174129264312796,0.16116898885957198,CFG,,512.0
runs/guidance/cfg_coarse/gsm8k_results_deterministic_g0.0_w5.0_s256_sd0.3998_ema1_cfg_w5.json,cfg_coarse,gsm8k,tinigsm_gsm8k/runs/cobit_raw_binary_bits_cfg/checkpoints/last.pt,deterministic,ddim,,0.0,256,5.0,0.0,,1,0.0,prev,0.5,hold,1.0,learned,1.0,0.399844765663147,250,0.212,0.21178040000000006,0.164,0.264,53,3.5697711776675117e-05,42,64,250.0,80.912,0.0,1.0,6.629482947227236,0.003972186172564679,0.2300771208226221,0.7075783361697867,0.9036901865369019,0.9555395831194168,177.94151616096497,1.404955995619658,629.7125168846957,512.0,3.8148741722106934,,1f5ab01b4d40769bbf818d83fc236160066116d7,tasks/fkc-temperature,True,configs/tasks/tinygsm_bits_cfg.py,NVIDIA A100-SXM4-80GB,gpu-q-4,34633384,10,0.09578754800995595,,,3.15610732045533,0.12637646041300385,0.20397448482045816,0.0320112193712081,0.19780534840538166,1.5832141756085344e-23,1.0,0.7496411768952385,0.17150129008223303,0.7216136289644055,0.16284282925334992,CFG,,512.0
runs/guidance/cfg_coarse/gsm8k_results_deterministic_g0.0_w7.0_s256_sd0.3998_ema1_cfg_w7.json,cfg_coarse,gsm8k,tinigsm_gsm8k/runs/cobit_raw_binary_bits_cfg/checkpoints/last.pt,deterministic,ddim,,0.0,256,7.0,0.0,,1,0.0,prev,0.5,hold,1.0,learned,1.0,0.399844765663147,250,0.224,0.22389800000000004,0.172,0.276,56,5.354656766501267e-05,42,64,250.0,82.216,0.0,1.0,6.653433568129153,0.0043160903663199465,0.23051474165612532,0.7079393223010244,0.9033609255011469,0.9556150272672187,177.4034662246704,1.409217110129013,631.6223824967046,512.0,3.8148741722106934,,1f5ab01b4d40769bbf818d83fc236160066116d7,tasks/fkc-temperature,True,configs/tasks/tinygsm_bits_cfg.py,NVIDIA A100-SXM4-80GB,gpu-q-13,34633149,11,0.08514253641052172,,,3.315691971859218,0.15225452673484416,0.2499714400869071,0.03022834502909255,0.1983667685999535,1.5832141756085344e-23,1.0,0.7521943152532913,0.1735056077450281,0.7256119980011135,0.16517238916276256,CFG,,512.0
runs/guidance/cfg_confirm/gsm8k_results_deterministic_g0.0_w0.0_s512_sd0.3998_ema1_cfgconf_w0_s42.json,cfg_confirm,gsm8k,tinigsm_gsm8k/runs/cobit_raw_binary_bits_cfg/checkpoints/last.pt,deterministic,ddim,,0.0,512,0.0,0.0,,1,0.0,prev,0.5,hold,1.0,learned,1.0,0.399844765663147,1319,0.133434420015163,0.13349711902956787,0.1152388172858226,0.15238817285822592,176,1.0153486876618213e-05,42,64,1319.0,83.76269901440486,0.0,1.0,7.218013050361427,0.0044972028598465885,0.17992813374003241,0.6155234326334689,0.8597802401594882,0.9360156205996658,977.0170352458954,1.3500276376123108,604.830805075241,512.0,2.3059334754943848,,4c81e7357d5bcf660389181414ba70826dc07686,tasks/fkc-temperature,True,configs/tasks/tinygsm_bits_cfg.py,NVIDIA A100-SXM4-80GB,gpu-q-24,34633879,0,,,,2.0096475767680304,0.0,0.0,0.04754695256688695,0.199392436840017,1.2811167628058906e-23,1.0,0.72352295839006,0.16040913388825995,0.6881584863239407,0.14999316779514105,baseline,,512.0
runs/guidance/cfg_confirm/gsm8k_results_deterministic_g0.0_w0.0_s512_sd0.3998_ema1_cfgconf_w0_s43.json,cfg_confirm,gsm8k,tinigsm_gsm8k/runs/cobit_raw_binary_bits_cfg/checkpoints/last.pt,deterministic,ddim,,0.0,512,0.0,0.0,,1,0.0,prev,0.5,hold,1.0,learned,1.0,0.399844765663147,1319,0.14101592115238817,0.14096618650492798,0.12206216830932524,0.1599696739954511,186,1.0153486876618213e-05,43,64,1319.0,84.33206974981046,0.0,1.0,7.236132159768941,0.0043777892258543205,0.18046640415700235,0.6168584815539281,0.8605197244834064,0.9370880990333436,976.9291107654572,1.3501491412887867,604.8852403804267,512.0,2.3059334754943848,,4c81e7357d5bcf660389181414ba70826dc07686,tasks/fkc-temperature,True,configs/tasks/tinygsm_bits_cfg.py,NVIDIA A100-SXM4-80GB,gpu-q-44,34634142,1,,,,2.0220447321432187,0.0,0.0,0.04861900628785783,0.1998021192737811,1.2371492790743145e-23,1.0,0.7212449871114494,0.16000751303883076,0.6853462615593643,0.14944084069117838,baseline,,512.0
runs/guidance/cfg_confirm/gsm8k_results_deterministic_g0.0_w0.0_s512_sd0.3998_ema1_cfgconf_w0_s44.json,cfg_confirm,gsm8k,tinigsm_gsm8k/runs/cobit_raw_binary_bits_cfg/checkpoints/last.pt,deterministic,ddim,,0.0,512,0.0,0.0,,1,0.0,prev,0.5,hold,1.0,learned,1.0,0.399844765663147,1319,0.14101592115238817,0.14105451099317665,0.12282031842304776,0.1599696739954511,186,1.1845734689387914e-05,44,64,1319.0,83.53373768006065,0.0,1.0,7.2143653987231415,0.004278138107201708,0.17759867853804195,0.6152927559662692,0.8599536929414281,0.9367374604609128,977.6980674266815,1.3490872529508329,604.4094999137496,512.0,2.3059334754943848,,05a72bd38a79577149ce085040b16754b688df13,tasks/fkc-temperature,True,configs/tasks/tinygsm_bits_cfg.py,NVIDIA A100-SXM4-80GB,gpu-q-23,34634357,2,,,,1.9842758247270829,0.0,0.0,0.0469292918491858,0.19836850658092378,1.2551414739760962e-23,1.0,0.725340323583666,0.16003109992431888,0.6905481992039956,0.149789452128711,baseline,,512.0
runs/guidance/cfg_confirm/gsm8k_results_deterministic_g0.0_w12.0_s512_sd0.3998_ema1_cfgconf_w12_s42.json,cfg_confirm,gsm8k,tinigsm_gsm8k/runs/cobit_raw_binary_bits_cfg/checkpoints/last.pt,deterministic,ddim,,0.0,512,12.0,0.0,,1,0.0,prev,0.5,hold,1.0,learned,1.0,0.399844765663147,1319,0.21076573161485973,0.21073805913570887,0.18953752843062927,0.23351023502653526,278,4.569069094478195e-05,42,64,1319.0,82.29112964366945,0.0,1.0,7.081364905644607,0.0045272073576202495,0.1630428774115089,0.5977821922535277,0.8537826710983533,0.935048047043075,1866.216336965561,0.7067776515903155,316.64603309648606,1024.0,3.8148751258850098,,07ea5d98471c121c868150d4136edb4581bc7820,tasks/fkc-temperature,True,configs/tasks/tinygsm_bits_cfg.py,NVIDIA A100-SXM4-80GB,gpu-q-20,34635999,9,0.07138276204064695,,,2.5914059600545305,0.19878628984527374,0.3423692235193202,0.02732565183122658,0.20072825449945725,1.2088009182087916e-23,1.0,0.7551783812620367,0.17809418302619767,0.7303827343941001,0.17003795520438533,CFG,,1024.0
runs/guidance/cfg_confirm/gsm8k_results_deterministic_g0.0_w12.0_s512_sd0.3998_ema1_cfgconf_w12_s43.json,cfg_confirm,gsm8k,tinigsm_gsm8k/runs/cobit_raw_binary_bits_cfg/checkpoints/last.pt,deterministic,ddim,,0.0,512,12.0,0.0,,1,0.0,prev,0.5,hold,1.0,learned,1.0,0.399844765663147,1319,0.21152388172858225,0.21150530705079604,0.18953752843062927,0.23426838514025777,279,3.553720406816374e-05,43,64,1319.0,81.89158453373769,0.0,1.0,7.079225830730375,0.004552907482032233,0.1634402629264454,0.5979980505361026,0.8533740759368743,0.9342866478310173,1867.6920623779297,0.7062192031381557,316.3958405689388,1024.0,3.8148751258850098,,07ea5d98471c121c868150d4136edb4581bc7820,tasks/fkc-temperature,True,configs/tasks/tinygsm_bits_cfg.py,NVIDIA A100-SXM4-80GB,gpu-q-32,34636492,10,0.07139329728447862,,,2.3453305988507873,0.198803893594717,0.3429980873291152,0.027327005015043898,0.20070054705138332,1.1430467397352305e-23,1.0,0.7551586423568164,0.17805716244176786,0.7302566738161699,0.16998540773125742,CFG,,1024.0
runs/guidance/cfg_confirm/gsm8k_results_deterministic_g0.0_w12.0_s512_sd0.3998_ema1_cfgconf_w12_s44.json,cfg_confirm,gsm8k,tinigsm_gsm8k/runs/cobit_raw_binary_bits_cfg/checkpoints/last.pt,deterministic,ddim,,0.0,512,12.0,0.0,,1,0.0,prev,0.5,hold,1.0,learned,1.0,0.399844765663147,1319,0.23654283548142532,0.23667361637604248,0.2137983320697498,0.25928733889310085,312,3.215270844262434e-05,44,64,1319.0,81.78165276724792,0.0,1.0,7.0742696351254555,0.004438522570550825,0.16223231667748214,0.597648074630928,0.8538467386346359,0.9350995544349601,1872.9826867580414,0.7042243419148023,315.5021155175998,1024.0,3.8148751258850098,,07ea5d98471c121c868150d4136edb4581bc7820,tasks/fkc-temperature,True,configs/tasks/tinygsm_bits_cfg.py,NVIDIA A100-SXM4-80GB,gpu-q-37,34636493,11,0.07122307126802217,,,2.267125405150057,0.19782865300015767,0.34167367934611553,0.02698411852019586,0.20006863171389938,1.1221816899712177e-23,1.0,0.7563397414882538,0.1777409554696143,0.7318291262934159,0.16983283366633775,CFG,,1024.0
runs/guidance/cfg_confirm/gsm8k_results_deterministic_g0.0_w20.0_s512_sd0.3998_ema1_cfgconf_w20_s42.json,cfg_confirm,gsm8k,tinigsm_gsm8k/runs/cobit_raw_binary_bits_cfg/checkpoints/last.pt,deterministic,ddim,,0.0,512,20.0,0.0,,1,0.0,prev,0.5,hold,1.0,learned,1.0,0.399844765663147,1319,0.21455648218347234,0.21448786959818045,0.19257012888551933,0.23654283548142532,283,3.553720406816374e-05,42,64,1319.0,82.40788476118271,0.0,1.0,7.087263708876762,0.0046794025950798995,0.16398947523367927,0.598107602186688,0.8543627071979483,0.9353440456754408,1871.7382605075836,0.7046925458703343,315.71187727911797,1024.0,3.8148751258850098,,07ea5d98471c121c868150d4136edb4581bc7820,tasks/fkc-temperature,True,configs/tasks/tinygsm_bits_cfg.py,NVIDIA A100-SXM4-80GB,gpu-q-41,34636494,12,0.06035723172422864,,,3.398848464145708,0.24587344771526143,0.44555251371600996,0.02395851913990067,0.20115056315885976,1.1865144406403037e-23,1.0,0.7603821031516413,0.18119798639894566,0.7379869129536454,0.17380187964590726,CFG,,1024.0
runs/guidance/cfg_confirm/gsm8k_results_deterministic_g0.0_w20.0_s512_sd0.3998_ema1_cfgconf_w20_s43.json,cfg_confirm,gsm8k,tinigsm_gsm8k/runs/cobit_raw_binary_bits_cfg/checkpoints/last.pt,deterministic,ddim,,0.0,512,20.0,0.0,,1,0.0,prev,0.5,hold,1.0,learned,1.0,0.399844765663147,1319,0.21228203184230476,0.21225261561789235,0.19029567854435178,0.2350265352539803,280,2.8768212817084935e-05,43,64,1319.0,82.23654283548143,0.0,1.0,7.0847571185958165,0.004717295400790835,0.1640269198856827,0.5976332465399297,0.8537209917605261,0.934467482514137,1865.001064300537,0.7072382022981241,316.8523660985826,1024.0,3.8148751258850098,,07ea5d98471c121c868150d4136edb4581bc7820,tasks/fkc-temperature,True,configs/tasks/tinygsm_bits_cfg.py,NVIDIA A100-SXM4-80GB,gpu-q-20,34637496,13,0.0604031235368785,,,2.7621671586684653,0.2457549095456197,0.4441689849997614,0.02408404240809377,0.2013801734983211,1.1698379849641001e-23,1.0,0.759932357468642,0.18129837405147192,0.737394644066669,0.17385100035919882,CFG,,1024.0
runs/guidance/cfg_confirm/gsm8k_results_deterministic_g0.0_w20.0_s512_sd0.3998_ema1_cfgconf_w20_s44.json,cfg_confirm,gsm8k,tinigsm_gsm8k/runs/cobit_raw_binary_bits_cfg/checkpoints/last.pt,deterministic,ddim,,0.0,512,20.0,0.0,,1,0.0,prev,0.5,hold,1.0,learned,1.0,0.399844765663147,1319,0.2221379833206975,0.22219006823351023,0.19939347990902198,0.2441243366186505,293,2.8768212817084935e-05,44,64,1319.0,82.08491281273692,0.0,1.0,7.079941924899391,0.004585944923547316,0.16268587789784797,0.5967873138166077,0.8537564374431991,0.9349362016239586,1867.3437044620514,0.7063509502017362,316.45486505133584,1024.0,3.8148751258850098,,07ea5d98471c121c868150d4136edb4581bc7820,tasks/fkc-temperature,True,configs/tasks/tinygsm_bits_cfg.py,NVIDIA A100-SXM4-80GB,gpu-q-25,34633689,14,0.06022473172159174,,,2.733077602326994,0.2447125925004159,0.4436563329312881,0.023777579851360905,0.20071164838459685,1.1221816899712177e-23,1.0,0.7610687234028726,0.18090108459693416,0.7388105341926272,0.1735677369967259,CFG,,1024.0
runs/guidance/cfg_confirm/gsm8k_results_deterministic_g0.0_w4.0_s512_sd0.3998_ema1_cfgconf_w4_s42.json,cfg_confirm,gsm8k,tinigsm_gsm8k/runs/cobit_raw_binary_bits_cfg/checkpoints/last.pt,deterministic,ddim,,0.0,512,4.0,0.0,,1,0.0,prev,0.5,hold,1.0,learned,1.0,0.399844765663147,1319,0.19636087945413191,0.1963639878695982,0.17513267626990145,0.21834723275208492,259,3.384495625539404e-05,42,64,1319.0,82.10235026535254,0.0,1.0,7.09137149915981,0.004443644015470139,0.16489523791934843,0.6000803933666125,0.854252046755951,0.934873869038491,1872.7479410171509,0.7043126152276573,315.5416631663984,1024.0,3.8148751258850098,,07ea5d98471c121c868150d4136edb4581bc7820,tasks/fkc-temperature,True,configs/tasks/tinygsm_bits_cfg.py,NVIDIA A100-SXM4-80GB,gpu-q-26,34634358,3,0.1047522652856001,,,1.9282907871173194,0.11115113975919938,0.1817354472734684,0.03538038412982234,0.19984835607881118,1.155534601323625e-23,1.0,0.7427624266073557,0.1708704091503195,0.7131943243661055,0.161668403252233,CFG,,1024.0
runs/guidance/cfg_confirm/gsm8k_results_deterministic_g0.0_w4.0_s512_sd0.3998_ema1_cfgconf_w4_s43.json,cfg_confirm,gsm8k,tinigsm_gsm8k/runs/cobit_raw_binary_bits_cfg/checkpoints/last.pt,deterministic,ddim,,0.0,512,4.0,0.0,,1,0.0,prev,0.5,hold,1.0,learned,1.0,0.399844765663147,1319,0.19939347990902198,0.199275360121304,0.17816527672479152,0.221379833206975,263,2.1999221566006126e-05,43,64,1319.0,81.81197877179682,0.0,1.0,7.082087016803692,0.00452237510408845,0.16389583912519692,0.6002101490744998,0.854814195607569,0.9345281040470212,1871.0303633213043,0.7049591636015015,315.83132566113363,1024.0,3.8148751258850098,,07ea5d98471c121c868150d4136edb4581bc7820,tasks/fkc-temperature,True,configs/tasks/tinygsm_bits_cfg.py,NVIDIA A100-SXM4-80GB,gpu-q-32,34634359,4,0.1047493834564304,,,2.02137622915746,0.1109393235213916,0.181672689272349,0.03516778367265135,0.19978391601,1.1865144406403037e-23,1.0,0.7430838240099892,0.1709864858795688,0.7133934680743899,0.1617835528838139,CFG,,1024.0
runs/guidance/cfg_confirm/gsm8k_results_deterministic_g0.0_w4.0_s512_sd0.3998_ema1_cfgconf_w4_s44.json,cfg_confirm,gsm8k,tinigsm_gsm8k/runs/cobit_raw_binary_bits_cfg/checkpoints/last.pt,deterministic,ddim,,0.0,512,4.0,0.0,,1,0.0,prev,0.5,hold,1.0,learned,1.0,0.399844765663147,1319,0.20849128127369218,0.20841531463229718,0.1865049279757392,0.2304776345716452,275,2.1999221566006126e-05,44,64,1319.0,81.59514783927217,0.0,1.0,7.076391664360615,0.004355923444512163,0.16310488366907008,0.6002633930671182,0.8545710856685653,0.9344342944234906,1865.872953414917,0.7069077225145307,316.70430664557364,1024.0,3.8148751258850098,,07ea5d98471c121c868150d4136edb4581bc7820,tasks/fkc-temperature,True,configs/tasks/tinygsm_bits_cfg.py,NVIDIA A100-SXM4-80GB,gpu-q-1,34635196,5,0.10439633417237482,,,2.0447459071803564,0.11058691533193235,0.1823374187817795,0.03493783576000655,0.19897737224320206,1.1685222457385221e-23,1.0,0.7443300308437938,0.1704242662131686,0.7151806604815645,0.161413544300428,CFG,,1024.0
runs/guidance/cfg_confirm/gsm8k_results_deterministic_g0.0_w7.0_s512_sd0.3998_ema1_cfgconf_w7_s42.json,cfg_confirm,gsm8k,tinigsm_gsm8k/runs/cobit_raw_binary_bits_cfg/checkpoints/last.pt,deterministic,ddim,,0.0,512,7.0,0.0,,1,0.0,prev,0.5,hold,1.0,learned,1.0,0.399844765663147,1319,0.21228203184230476,0.21219552691432905,0.19029567854435178,0.23428733889310055,280,3.553720406816374e-05,42,64,1319.0,82.25398028809704,0.0,1.0,7.08709244973491,0.0045472539865381665,0.1639552782207147,0.5988859238248082,0.8542723536913702,0.9349506390143109,1867.3985967636108,0.7063301869702373,316.4455628402747,1024.0,3.8148751258850098,,07ea5d98471c121c868150d4136edb4581bc7820,tasks/fkc-temperature,True,configs/tasks/tinygsm_bits_cfg.py,NVIDIA A100-SXM4-80GB,gpu-q-29,34635197,6,0.08562416039213282,,,2.1284928121382443,0.15396712559395834,0.25254593279958637,0.031146721416890157,0.20014893889865132,1.1828256293789972e-23,1.0,0.7493934970171678,0.17453439895568096,0.7222264303626227,0.1659015641247,CFG,,1024.0
runs/guidance/cfg_confirm/gsm8k_results_deterministic_g0.0_w7.0_s512_sd0.3998_ema1_cfgconf_w7_s43.json,cfg_confirm,gsm8k,tinigsm_gsm8k/runs/cobit_raw_binary_bits_cfg/checkpoints/last.pt,deterministic,ddim,,0.0,512,7.0,0.0,,1,0.0,prev,0.5,hold,1.0,learned,1.0,0.399844765663147,1319,0.21152388172858225,0.21151576952236542,0.18953752843062927,0.23351023502653526,279,3.722945188093344e-05,43,64,1319.0,81.80060652009098,0.0,1.0,7.07073622304325,0.004403110773678396,0.16188887344177208,0.5969542861432218,0.8534729281662977,0.9341049471800497,1864.9156329631805,0.7072706007103546,316.86688102939337,1024.0,3.8148751258850098,,07ea5d98471c121c868150d4136edb4581bc7820,tasks/fkc-temperature,True,configs/tasks/tinygsm_bits_cfg.py,NVIDIA A100-SXM4-80GB,gpu-q-29,34635198,7,0.08559247471868783,,,2.150779470981561,0.15324566737552192,0.25263110459213206,0.030957370137142316,0.20015747876909926,1.1944975345683165e-23,1.0,0.7496500390559607,0.17467987648948727,0.7223450847668573,0.16602254632605437,CFG,,1024.0
runs/guidance/cfg_confirm/gsm8k_results_deterministic_g0.0_w7.0_s512_sd0.3998_ema1_cfgconf_w7_s44.json,cfg_confirm,gsm8k,tinigsm_gsm8k/runs/cobit_raw_binary_bits_cfg/checkpoints/last.pt,deterministic,ddim,,0.0,512,7.0,0.0,,1,0.0,prev,0.5,hold,1.0,learned,1.0,0.399844765663147,1319,0.22062168309325247,0.2206250947687642,0.19787717968157695,0.24260803639120546,291,3.215270844262434e-05,44,64,1319.0,81.44275966641395,0.0,1.0,7.07187023640669,0.004267298768804095,0.16273051394952665,0.5988369901228983,0.8540249081452498,0.9346355324454411,1868.319507598877,0.7059820307154796,316.28958408695854,1024.0,3.8148751258850098,,07ea5d98471c121c868150d4136edb4581bc7820,tasks/fkc-temperature,True,configs/tasks/tinygsm_bits_cfg.py,NVIDIA A100-SXM4-80GB,gpu-q-25,34635895,8,0.08531948115378515,,,2.1774087429335154,0.15242914617507514,0.2532414453188172,0.0304774130662912,0.19939828595601106,1.1388581456474213e-23,1.0,0.7511760617018713,0.1743133733827909,0.7243470532980391,0.16581686040652657,CFG,,1024.0
runs/guidance/cfg_high/gsm8k_results_deterministic_g0.0_w10.0_s256_sd0.3998_ema1_cfghigh_w10.json,cfg_high,gsm8k,tinigsm_gsm8k/runs/cobit_raw_binary_bits_cfg/checkpoints/last.pt,deterministic,ddim,,0.0,256,10.0,0.0,,1,0.0,prev,0.5,hold,1.0,learned,1.0,0.399844765663147,250,0.224,0.22383040000000004,0.172,0.276,56,5.354656766501267e-05,42,64,250.0,82.316,0.0,1.0,6.6515844238523,0.004179715557163287,0.2309636036736479,0.7062816665846819,0.9033318392350217,0.9560240052448434,177.09222078323364,1.4116938558583425,632.732479746556,512.0,3.8148741722106934,,1f5ab01b4d40769bbf818d83fc236160066116d7,tasks/fkc-temperature,True,configs/tasks/tinygsm_bits_cfg.py,NVIDIA A100-SXM4-80GB,gpu-q-65,34633180,1,0.07545313164903245,,,5.039413236681242,0.18010305526011344,0.3065506832580288,0.027959399899051718,0.1989399077865528,1.5832141756085344e-23,1.0,0.7555741848773323,0.17579980757727753,0.730426643131068,0.16776824815315194,CFG,,512.0
runs/guidance/cfg_high/gsm8k_results_deterministic_g0.0_w12.0_s256_sd0.3998_ema1_cfghigh_w12.json,cfg_high,gsm8k,tinigsm_gsm8k/runs/cobit_raw_binary_bits_cfg/checkpoints/last.pt,deterministic,ddim,,0.0,256,12.0,0.0,,1,0.0,prev,0.5,hold,1.0,learned,1.0,0.399844765663147,250,0.228,0.22788960000000003,0.176,0.28,57,5.354656766501267e-05,42,64,250.0,82.54,0.0,1.0,6.662669144985764,0.00469373623216319,0.2306275745093288,0.705813097866078,0.9025080705239632,0.9554940910233845,178.31681418418884,1.4019990270898819,628.3871799339017,512.0,3.8148741722106934,,1f5ab01b4d40769bbf818d83fc236160066116d7,tasks/fkc-temperature,True,configs/tasks/tinygsm_bits_cfg.py,NVIDIA A100-SXM4-80GB,gpu-q-82,34633181,2,0.0711159457267965,,,4.683839143892597,0.19688408502661664,0.339105062389371,0.026878309868783035,0.19913646024360787,1.5832141756085344e-23,1.0,0.757281283265911,0.17684412207017886,0.7328992993861903,0.16903286057640798,CFG,,512.0
runs/guidance/cfg_high/gsm8k_results_deterministic_g0.0_w15.0_s256_sd0.3998_ema1_cfghigh_w15.json,cfg_high,gsm8k,tinigsm_gsm8k/runs/cobit_raw_binary_bits_cfg/checkpoints/last.pt,deterministic,ddim,,0.0,256,15.0,0.0,,1,0.0,prev,0.5,hold,1.0,learned,1.0,0.399844765663147,250,0.244,0.243738,0.192,0.3,61,6.247099560918145e-05,42,64,250.0,82.664,0.0,1.0,6.6638897799008,0.0048310790567663445,0.23163650440336786,0.7070434952978056,0.9034513537637607,0.9556637879092187,180.4035840034485,1.3857817813376765,621.1184806497973,512.0,3.8148741722106934,,1f5ab01b4d40769bbf818d83fc236160066116d7,tasks/fkc-temperature,True,configs/tasks/tinygsm_bits_cfg.py,NVIDIA A100-SXM4-80GB,gpu-q-6,34633182,3,0.0661677538346917,,,4.326529130898411,0.21742809423738552,0.38092338059750763,0.02535823186356634,0.19946509375586174,1.5832141756085344e-23,1.0,0.7595250436570495,0.17834784507431323,0.7362018903077114,0.17076888980227523,CFG,,512.0
runs/guidance/cfg_high/gsm8k_results_deterministic_g0.0_w20.0_s256_sd0.3998_ema1_cfghigh_w20.json,cfg_high,gsm8k,tinigsm_gsm8k/runs/cobit_raw_binary_bits_cfg/checkpoints/last.pt,deterministic,ddim,,0.0,256,20.0,0.0,,1,0.0,prev,0.5,hold,1.0,learned,1.0,0.399844765663147,250,0.252,0.2518612,0.2,0.304,63,7.139542355335023e-05,42,64,250.0,82.732,0.0,1.0,6.660349507560909,0.0047408750643852865,0.23081757965478897,0.7052806734204473,0.9025417430510826,0.9554507600461546,176.96846532821655,1.4126810645972134,633.1749546009878,512.0,3.8148741722106934,,1f5ab01b4d40769bbf818d83fc236160066116d7,tasks/fkc-temperature,True,configs/tasks/tinygsm_bits_cfg.py,NVIDIA A100-SXM4-80GB,gpu-q-7,34633183,4,0.060224122182350626,,,5.755347343080701,0.24382879191031676,0.44200207837154415,0.023559103733191478,0.1996924880077131,1.5832141756085344e-23,1.0,0.7623262676643208,0.1800121992637287,0.7402830497012474,0.17272987441538135,CFG,,512.0
runs/guidance/cfg_high/gsm8k_results_deterministic_g0.0_w30.0_s256_sd0.3998_ema1_cfghigh_w30.json,cfg_high,gsm8k,tinigsm_gsm8k/runs/cobit_raw_binary_bits_cfg/checkpoints/last.pt,deterministic,ddim,,0.0,256,30.0,0.0,,1,0.0,prev,0.5,hold,1.0,learned,1.0,0.399844765663147,250,0.244,0.24393080000000003,0.192,0.296,61,2.6773283832506336e-05,42,64,250.0,82.388,0.0,1.0,6.673412567200294,0.004450733872705183,0.23430596688838182,0.7092937533788765,0.9056078021595263,0.956265430543659,177.49960088729858,1.4084538711652357,631.280292687228,512.0,3.8148741722106934,,1f5ab01b4d40769bbf818d83fc236160066116d7,tasks/fkc-temperature,True,configs/tasks/tinygsm_bits_cfg.py,NVIDIA A100-SXM4-80GB,gpu-q-20,34633150,5,0.05330487326299835,,,11.485467586467237,0.2886971422858431,0.536662226500635,0.021251505110869928,0.19997350705671124,1.5832141756085344e-23,1.0,0.7658695901045576,0.18202233595366124,0.745260391762713,0.1750073870352935,CFG,,512.0
runs/guidance/cfg_high/gsm8k_results_deterministic_g0.0_w8.0_s256_sd0.3998_ema1_cfghigh_w8.json,cfg_high,gsm8k,tinigsm_gsm8k/runs/cobit_raw_binary_bits_cfg/checkpoints/last.pt,deterministic,ddim,,0.0,256,8.0,0.0,,1,0.0,prev,0.5,hold,1.0,learned,1.0,0.399844765663147,250,0.22,0.21979840000000003,0.172,0.272,55,5.354656766501267e-05,42,64,250.0,82.148,0.0,1.0,6.65230170174054,0.0042568323015744446,0.22973170375419974,0.7060679252723419,0.9033288416429606,0.9557285086167686,177.1654863357544,1.4111100596998538,632.470817637952,512.0,3.8148741722106934,,1f5ab01b4d40769bbf818d83fc236160066116d7,tasks/fkc-temperature,True,configs/tasks/tinygsm_bits_cfg.py,NVIDIA A100-SXM4-80GB,gpu-q-65,34633179,0,0.08143675257275626,,,3.5230125753048505,0.1629922788676004,0.2702141947126486,0.029309388385447832,0.19852226867806166,1.5832141756085344e-23,1.0,0.753676965367049,0.17437960160896182,0.7276751282042824,0.1661704910438857,CFG,,512.0
runs/guidance/sg/gsm8k_results_deterministic_g0.0_w0.0_s128_sd0.3998_ema1_sg0.25exact_d0.5_sg_exact_w0.25_n128.json,sg,gsm8k,tinigsm_gsm8k/runs/cobit_raw_binary_bits_cfg/checkpoints/last.pt,deterministic,ddim,,0.0,128,0.0,0.0,,1,0.25,exact,0.5,hold,1.0,learned,1.0,0.399844765663147,250,0.176,0.17571240000000002,0.128,0.224,44,2.6773283832506336e-05,42,64,250.0,83.98,0.0,1.0,6.7645559393003,0.004086988014742708,0.24691593236484877,0.7202217401783563,0.90763600878263,0.9566806618918251,88.6665506362915,2.8195525618843034,1263.7460146570397,256.0,3.8109688758850098,,7818e8fcdfabdc8f408fe48bd79faff24e3aa3c8,tasks/fkc-temperature,True,configs/tasks/tinygsm_bits_cfg.py,NVIDIA A100-SXM4-80GB,gpu-q-65,34633716,14,,,0.03629071284290049,6.844197358043852,0.005502259831994029,0.012073542025937243,0.047526835190415895,0.19855254190042615,2.6102792042257208e-23,1.0,0.7243597547058016,0.15979232106474228,0.6890097490395419,0.1495765589934308,SG-exact,,256.0
runs/guidance/sg/gsm8k_results_deterministic_g0.0_w0.0_s128_sd0.3998_ema1_sg0.25prev_d0.5_sg_prev_w0.25_n128.json,sg,gsm8k,tinigsm_gsm8k/runs/cobit_raw_binary_bits_cfg/checkpoints/last.pt,deterministic,ddim,,0.0,128,0.0,0.0,,1,0.25,prev,0.5,hold,1.0,learned,1.0,0.399844765663147,250,0.172,0.171694,0.128,0.22,43,1.7848855888337558e-05,42,64,250.0,83.828,0.0,1.0,6.748258868859563,0.004006683165902748,0.24225795676862147,0.7197083111991114,0.9076599696925258,0.9568961251051615,47.311962366104126,5.28407589745439,2368.3650898462374,128.0,2.30886173248291,,7818e8fcdfabdc8f408fe48bd79faff24e3aa3c8,tasks/fkc-temperature,True,configs/tasks/tinygsm_bits_cfg.py,NVIDIA A100-SXM4-80GB,gpu-q-17,34633712,10,,,0.09796729000350485,6.415783801056141,0.015681926441824517,0.034705217310699796,0.04556617666584195,0.1983578880026471,2.6102792042257208e-23,1.0,0.72755344316829,0.16130077769048512,0.6926015919307247,0.15102328181092162,SG-prev,,128.0
runs/guidance/sg/gsm8k_results_deterministic_g0.0_w0.0_s128_sd0.3998_ema1_sg0.5exact_d0.5_sg_exact_w0.5_n128.json,sg,gsm8k,tinigsm_gsm8k/runs/cobit_raw_binary_bits_cfg/checkpoints/last.pt,deterministic,ddim,,0.0,128,0.0,0.0,,1,0.5,exact,0.5,hold,1.0,learned,1.0,0.399844765663147,250,0.172,0.17178440000000003,0.124,0.22,43,1.7848855888337558e-05,42,64,250.0,84.552,0.0,1.0,6.76689666937812,0.004289706955251896,0.24609707635537895,0.720461509000383,0.9086636301967245,0.9571316460663135,88.64335370063782,2.8202904060273744,1264.0767223047176,256.0,3.8109688758850098,,7818e8fcdfabdc8f408fe48bd79faff24e3aa3c8,tasks/fkc-temperature,True,configs/tasks/tinygsm_bits_cfg.py,NVIDIA A100-SXM4-80GB,gpu-q-65,34633717,15,,,0.03672569876599013,7.077190643822656,0.011004363511427933,0.023389837172586126,0.04766969259193843,0.1989422716142144,2.6102792042257208e-23,1.0,0.7238763697678223,0.15999295747315045,0.6884592595743015,0.1497287130478071,SG-exact,,256.0
runs/guidance/sg/gsm8k_results_deterministic_g0.0_w0.0_s128_sd0.3998_ema1_sg0.5prev_d0.5_sg_prev_w0.5_n128.json,sg,gsm8k,tinigsm_gsm8k/runs/cobit_raw_binary_bits_cfg/checkpoints/last.pt,deterministic,ddim,,0.0,128,0.0,0.0,,1,0.5,prev,0.5,hold,1.0,learned,1.0,0.399844765663147,250,0.164,0.16367400000000001,0.12,0.212,41,1.7848855888337558e-05,42,64,250.0,83.472,0.0,1.0,6.726034946916199,0.004089392455619806,0.23720529039677976,0.7160248326704821,0.906372741555381,0.9562580773436723,48.095215797424316,5.198022211876394,2329.7951395406944,128.0,2.30886173248291,,7818e8fcdfabdc8f408fe48bd79faff24e3aa3c8,tasks/fkc-temperature,True,configs/tasks/tinygsm_bits_cfg.py,NVIDIA A100-SXM4-80GB,gpu-q-32,34633713,11,,,0.1010499603763442,7.64799280094972,0.031793756978182035,0.0685062707646619,0.0438482688829378,0.1984832408488728,2.6102792042257208e-23,1.0,0.7300630130339414,0.16278508464165498,0.6952847159700468,0.15234807862725575,SG-prev,,128.0
runs/guidance/sg/gsm8k_results_deterministic_g0.0_w0.0_s128_sd0.3998_ema1_sg1exact_d0.5_sg_exact_w1_n128.json,sg,gsm8k,tinigsm_gsm8k/runs/cobit_raw_binary_bits_cfg/checkpoints/last.pt,deterministic,ddim,,0.0,128,0.0,0.0,,1,1.0,exact,0.5,hold,1.0,learned,1.0,0.399844765663147,250,0.152,0.15198640000000002,0.108,0.2,38,1.7848855888337558e-05,42,64,250.0,85.416,0.0,1.0,6.765879339457447,0.004219896199593855,0.24388873279010959,0.7189632297194845,0.9076915699625971,0.9576781207532518,88.6924057006836,2.8187306232699596,1263.3776151945822,256.0,3.8109688758850098,,7818e8fcdfabdc8f408fe48bd79faff24e3aa3c8,tasks/fkc-temperature,True,configs/tasks/tinygsm_bits_cfg.py,NVIDIA A100-SXM4-80GB,gpu-q-82,34633718,16,,,0.03685538286908795,7.839331578886974,0.021590382271882546,0.045481768037517176,0.047798582830330005,0.19985684723360464,2.795625623781471e-23,1.0,0.7229841731023043,0.16060813909280114,0.6874113435624167,0.1501574240392074,SG-exact,,256.0
runs/guidance/sg/gsm8k_results_deterministic_g0.0_w0.0_s128_sd0.3998_ema1_sg1prev_d0.5_sg_prev_w1_n128.json,sg,gsm8k,tinigsm_gsm8k/runs/cobit_raw_binary_bits_cfg/checkpoints/last.pt,deterministic,ddim,,0.0,128,0.0,0.0,,1,1.0,prev,0.5,hold,1.0,learned,1.0,0.399844765663147,250,0.2,0.19958600000000004,0.152,0.252,50,1.7848855888337558e-05,42,64,250.0,83.08,0.0,1.0,6.6898427695546845,0.004309424175238887,0.2312951372171401,0.7092592592592593,0.9032067094227924,0.9555444555444556,47.302371978759766,5.285147225011417,2368.8452674279174,128.0,2.30886173248291,,7818e8fcdfabdc8f408fe48bd79faff24e3aa3c8,tasks/fkc-temperature,True,configs/tasks/tinygsm_bits_cfg.py,NVIDIA A100-SXM4-80GB,gpu-q-44,34633714,12,,,0.10821446280811745,6.922666945693494,0.06590573712642461,0.14691172090059818,0.04123441506009762,0.19883214667788707,2.6102792042257208e-23,1.0,0.7339733644621447,0.16534433064225595,0.6998798425775021,0.154782285404508,SG-prev,,128.0
runs/guidance/sg/gsm8k_results_deterministic_g0.0_w0.0_s128_sd0.3998_ema1_sg2exact_d0.5_sg_exact_w2_n128.json,sg,gsm8k,tinigsm_gsm8k/runs/cobit_raw_binary_bits_cfg/checkpoints/last.pt,deterministic,ddim,,0.0,128,0.0,0.0,,1,2.0,exact,0.5,hold,1.0,learned,1.0,0.399844765663147,250,0.148,0.1478468,0.104,0.192,37,2.6773283832506336e-05,42,64,250.0,85.932,0.0,1.0,6.7749239016505785,0.004179457351385556,0.2441465344691151,0.7193990486506853,0.9079731210980317,0.9577485168571842,88.9946277141571,2.8091583326015805,1259.0872379386892,256.0,3.8109688758850098,,7818e8fcdfabdc8f408fe48bd79faff24e3aa3c8,tasks/fkc-temperature,True,configs/tasks/tinygsm_bits_cfg.py,NVIDIA A100-SXM4-80GB,gpu-q-6,34633719,17,,,0.03630390680144985,7.643492079434281,0.04066184507944839,0.08063783218857164,0.04781807789887438,0.20119616156443954,2.795625623781471e-23,1.0,0.7220450756140053,0.1618139377242187,0.686444467806723,0.15113934986584354,SG-exact,,256.0
runs/guidance/sg/gsm8k_results_deterministic_g0.0_w0.0_s128_sd0.3998_ema1_sg2prev_d0.5_sg_prev_w2_n128.json,sg,gsm8k,tinigsm_gsm8k/runs/cobit_raw_binary_bits_cfg/checkpoints/last.pt,deterministic,ddim,,0.0,128,0.0,0.0,,1,2.0,prev,0.5,hold,1.0,learned,1.0,0.399844765663147,250,0.196,0.19579000000000002,0.148,0.244,49,1.7848855888337558e-05,42,64,250.0,84.392,0.0,1.0,6.693986523247893,0.005120125880412975,0.22931083515025122,0.7018898695318496,0.8993106126808428,0.9531649302142716,47.23602747917175,5.292570382008415,2372.172385779227,128.0,2.30886173248291,,7818e8fcdfabdc8f408fe48bd79faff24e3aa3c8,tasks/fkc-temperature,True,configs/tasks/tinygsm_bits_cfg.py,NVIDIA A100-SXM4-80GB,gpu-q-44,34633715,13,,,0.12220327126276058,5.180879561621212,0.14210314315934125,0.2944877763185017,0.0388023423684043,0.2006627127120737,2.6102792042257208e-23,1.0,0.7363988597644493,0.16919622260320466,0.702907481289003,0.15835879556834698,SG-prev,,128.0
runs/guidance/sg/gsm8k_results_deterministic_g0.0_w0.0_s128_sd0.3998_ema1_sg_base_n128.json,sg,gsm8k,tinigsm_gsm8k/runs/cobit_raw_binary_bits_cfg/checkpoints/last.pt,deterministic,ddim,,0.0,128,0.0,0.0,,1,0.0,prev,0.5,hold,1.0,learned,1.0,0.399844765663147,250,0.172,0.1716416,0.1279000000000001,0.22,43,1.7848855888337558e-05,42,64,250.0,83.62,0.0,1.0,6.770456963272755,0.0041805220551764215,0.2494140157856972,0.7219075284434762,0.9077186963979417,0.9562887620937732,46.759259939193726,5.346534575720463,2396.3595691145174,128.0,2.30593204498291,,1f5ab01b4d40769bbf818d83fc236160066116d7,tasks/fkc-temperature,True,configs/tasks/tinygsm_bits_cfg.py,NVIDIA A100-SXM4-80GB,gpu-q-7,34633633,9,,,,7.126748815300987,0.0,0.0,0.0477031851576033,0.198139625339536,2.6102792042257208e-23,1.0,0.7245068736374378,0.15936704591149464,0.6893029155908152,0.14927072919090278,baseline,,128.0
runs/guidance/sg/gsm8k_results_deterministic_g0.0_w0.0_s256_sd0.3998_ema1_sg0.25exact_d0.5_sg_exact_w0.25_n256.json,sg,gsm8k,tinigsm_gsm8k/runs/cobit_raw_binary_bits_cfg/checkpoints/last.pt,deterministic,ddim,,0.0,256,0.0,0.0,,1,0.25,exact,0.5,hold,1.0,learned,1.0,0.399844765663147,250,0.172,0.17179320000000003,0.128,0.22,43,1.7848855888337558e-05,42,64,250.0,83.764,0.0,1.0,6.764603886556974,0.004197535476461351,0.2474093882813619,0.7212797834807404,0.9078812191184384,0.9569114952206429,176.85902047157288,1.4135552675425074,633.5667793546921,512.0,3.810969352722168,,7818e8fcdfabdc8f408fe48bd79faff24e3aa3c8,tasks/fkc-temperature,True,configs/tasks/tinygsm_bits_cfg.py,NVIDIA A100-SXM4-80GB,gpu-q-65,34633872,23,,,0.03600626082514649,3.312277042801643,0.005457034167681822,0.011953851362972487,0.04678152327110574,0.19859803454892244,1.5832141756085344e-23,1.0,0.7253789986716583,0.16026071349915583,0.6899415057851002,0.14992412984429393,SG-exact,,512.0
runs/guidance/sg/gsm8k_results_deterministic_g0.0_w0.0_s256_sd0.3998_ema1_sg0.25prev_d0.5_sg_prev_w0.25_n256.json,sg,gsm8k,tinigsm_gsm8k/runs/cobit_raw_binary_bits_cfg/checkpoints/last.pt,deterministic,ddim,,0.0,256,0.0,0.0,,1,0.25,prev,0.5,hold,1.0,learned,1.0,0.399844765663147,250,0.172,0.1717308,0.128,0.22,43,1.7848855888337558e-05,42,64,250.0,83.5,0.0,1.0,6.740102872261948,0.004092268158405277,0.24182035928143714,0.7181575757575758,0.9068957055214724,0.956472049689441,93.45325875282288,2.675134108070345,1199.0165083099932,256.0,2.3088622093200684,,7818e8fcdfabdc8f408fe48bd79faff24e3aa3c8,tasks/fkc-temperature,True,configs/tasks/tinygsm_bits_cfg.py,NVIDIA A100-SXM4-80GB,gpu-q-7,34633721,19,,,0.13180292502504354,3.2277463742922827,0.02115446158743895,0.05441378513275487,0.04466050580321834,0.19835053422139026,1.5832141756085344e-23,1.0,0.7287896730122156,0.16178520977700828,0.6936872078513261,0.1513407896636636,SG-prev,,256.0
runs/guidance/sg/gsm8k_results_deterministic_g0.0_w0.0_s256_sd0.3998_ema1_sg0.5exact_d0.5_sg_exact_w0.5_n256.json,sg,gsm8k,tinigsm_gsm8k/runs/cobit_raw_binary_bits_cfg/checkpoints/last.pt,deterministic,ddim,,0.0,256,0.0,0.0,,1,0.5,exact,0.5,hold,1.0,learned,1.0,0.399844765663147,250,0.168,0.167804,0.124,0.216,42,1.7848855888337558e-05,42,64,250.0,84.444,0.0,1.0,6.766027484593757,0.004394996307417912,0.24603287385723083,0.7208666890369589,0.9086410169327058,0.9569274593585777,176.87277626991272,1.4134453321323635,633.5175054243824,512.0,3.810969352722168,,7818e8fcdfabdc8f408fe48bd79faff24e3aa3c8,tasks/fkc-temperature,True,configs/tasks/tinygsm_bits_cfg.py,NVIDIA A100-SXM4-80GB,gpu-q-65,34633873,24,,,0.03652633980804009,3.320068940030949,0.010913536851503454,0.023168850840482678,0.04695502582681499,0.19900292516103946,1.5832141756085344e-23,1.0,0.7248193308478221,0.16046379473846173,0.6893015768437181,0.15006940545572434,SG-exact,,512.0
runs/guidance/sg/gsm8k_results_deterministic_g0.0_w0.0_s256_sd0.3998_ema1_sg0.5prev_d0.5_sg_prev_w0.5_n256.json,sg,gsm8k,tinigsm_gsm8k/runs/cobit_raw_binary_bits_cfg/checkpoints/last.pt,deterministic,ddim,,0.0,256,0.0,0.0,,1,0.5,prev,0.5,hold,1.0,learned,1.0,0.399844765663147,250,0.172,0.1717692,0.128,0.22,43,1.7848855888337558e-05,42,64,250.0,83.2,0.0,1.0,6.720245079320165,0.004079363021883058,0.2374519230769231,0.7145012165450122,0.9055665024630541,0.9558603491271821,93.87107467651367,2.663227206692984,1193.679739857449,256.0,2.3088622093200684,,7818e8fcdfabdc8f408fe48bd79faff24e3aa3c8,tasks/fkc-temperature,True,configs/tasks/tinygsm_bits_cfg.py,NVIDIA A100-SXM4-80GB,gpu-q-41,34633869,20,,,0.1352994981466852,3.6152206121182817,0.04285380780402126,0.1020401721123117,0.04285751074766875,0.198536360549042,1.5832141756085344e-23,1.0,0.7314071038272232,0.1634009526896989,0.696503265586216,0.15277840862836456,SG-prev,,256.0
runs/guidance/sg/gsm8k_results_deterministic_g0.0_w0.0_s256_sd0.3998_ema1_sg1exact_d0.5_sg_exact_w1_n256.json,sg,gsm8k,tinigsm_gsm8k/runs/cobit_raw_binary_bits_cfg/checkpoints/last.pt,deterministic,ddim,,0.0,256,0.0,0.0,,1,1.0,exact,0.5,hold,1.0,learned,1.0,0.399844765663147,250,0.152,0.1518408,0.108,0.2,38,1.7848855888337558e-05,42,64,250.0,85.192,0.0,1.0,6.760028362678831,0.004309881838926267,0.24349704197577238,0.7176453819840365,0.9066256370804885,0.9571734475374732,176.752756357193,1.414405099826474,633.9476809830243,512.0,3.810969352722168,,7818e8fcdfabdc8f408fe48bd79faff24e3aa3c8,tasks/fkc-temperature,True,configs/tasks/tinygsm_bits_cfg.py,NVIDIA A100-SXM4-80GB,gpu-q-82,34633874,25,,,0.03654028249619174,3.788913963993843,0.02138359842560646,0.04504641162215556,0.047033422039037376,0.19989680756407324,1.5832141756085344e-23,1.0,0.7240242171101272,0.1610737664377666,0.6883374640892725,0.15048578798450762,SG-exact,,512.0
runs/guidance/sg/gsm8k_results_deterministic_g0.0_w0.0_s256_sd0.3998_ema1_sg1prev_d0.5_sg_prev_w1_n256.json,sg,gsm8k,tinigsm_gsm8k/runs/cobit_raw_binary_bits_cfg/checkpoints/last.pt,deterministic,ddim,,0.0,256,0.0,0.0,,1,1.0,prev,0.5,hold,1.0,learned,1.0,0.399844765663147,250,0.196,0.19556880000000004,0.148,0.248,49,1.7848855888337558e-05,42,64,250.0,82.884,0.0,1.0,6.686421841465309,0.004589848585172796,0.23073210752376816,0.7079771383908945,0.901983086889867,0.9547844374342797,93.49788904190063,2.6738571593628566,1198.4441696837073,256.0,2.3088622093200684,,7818e8fcdfabdc8f408fe48bd79faff24e3aa3c8,tasks/fkc-temperature,True,configs/tasks/tinygsm_bits_cfg.py,NVIDIA A100-SXM4-80GB,gpu-q-44,34633870,21,,,0.14215131968119923,2.9084929356197358,0.08666265480813808,0.24311230078129464,0.04015403902114212,0.1988756444916362,1.5832141756085344e-23,1.0,0.7354038920602761,0.16597012762213126,0.7011127123842016,0.15520363934047054,SG-prev,,256.0
runs/guidance/sg/gsm8k_results_deterministic_g0.0_w0.0_s256_sd0.3998_ema1_sg2exact_d0.5_sg_exact_w2_n256.json,sg,gsm8k,tinigsm_gsm8k/runs/cobit_raw_binary_bits_cfg/checkpoints/last.pt,deterministic,ddim,,0.0,256,0.0,0.0,,1,2.0,exact,0.5,hold,1.0,learned,1.0,0.399844765663147,250,0.148,0.1478468,0.104,0.192,37,2.6773283832506336e-05,42,64,250.0,86.248,0.0,1.0,6.779971693840496,0.004428100153437783,0.2435302847602263,0.7175769519519519,0.9068939322001709,0.957428406688449,177.07103490829468,1.411862759651658,632.8081837779504,512.0,3.810969352722168,,7818e8fcdfabdc8f408fe48bd79faff24e3aa3c8,tasks/fkc-temperature,True,configs/tasks/tinygsm_bits_cfg.py,NVIDIA A100-SXM4-80GB,gpu-q-6,34633875,26,,,0.03603301151536225,3.368918309289241,0.040172387083929714,0.07875721587373705,0.04710232537393466,0.20123582212545443,1.5832141756085344e-23,1.0,0.7230149906827137,0.1622329024175997,0.6872928755765315,0.15141758702520747,SG-exact,,512.0
runs/guidance/sg/gsm8k_results_deterministic_g0.0_w0.0_s256_sd0.3998_ema1_sg2prev_d0.5_sg_prev_w2_n256.json,sg,gsm8k,tinigsm_gsm8k/runs/cobit_raw_binary_bits_cfg/checkpoints/last.pt,deterministic,ddim,,0.0,256,0.0,0.0,,1,2.0,prev,0.5,hold,1.0,learned,1.0,0.399844765663147,250,0.192,0.19180440000000004,0.144,0.24,48,1.7848855888337558e-05,42,64,250.0,84.536,0.0,1.0,6.684213570015806,0.005334057716182831,0.2265543673701145,0.6999138096150163,0.8980808374527479,0.952855180533752,93.63516807556152,2.6699370027109417,1196.6871241110657,256.0,2.3088622093200684,,7818e8fcdfabdc8f408fe48bd79faff24e3aa3c8,tasks/fkc-temperature,True,configs/tasks/tinygsm_bits_cfg.py,NVIDIA A100-SXM4-80GB,gpu-q-44,34633871,22,,,0.16280875426666847,2.8879700427929618,0.19134235143890202,0.5812213487827257,0.03782204493651253,0.20115877338685095,1.5832141756085344e-23,1.0,0.7373279450112022,0.17009031489578774,0.7034368943423033,0.1588889666236355,SG-prev,,256.0
runs/guidance/sg/gsm8k_results_deterministic_g0.0_w0.0_s256_sd0.3998_ema1_sg_base_n256.json,sg,gsm8k,tinigsm_gsm8k/runs/cobit_raw_binary_bits_cfg/checkpoints/last.pt,deterministic,ddim,,0.0,256,0.0,0.0,,1,0.0,prev,0.5,hold,1.0,learned,1.0,0.399844765663147,250,0.164,0.16370520000000002,0.12,0.212,41,2.6773283832506336e-05,42,64,250.0,83.54,0.0,1.0,6.764412814392553,0.004000101140416859,0.2474503231984678,0.721492609643809,0.9079224920284523,0.9566923267941395,93.06303191184998,2.6863513348329544,1204.0441590828088,256.0,2.3059325218200684,,7818e8fcdfabdc8f408fe48bd79faff24e3aa3c8,tasks/fkc-temperature,True,configs/tasks/tinygsm_bits_cfg.py,NVIDIA A100-SXM4-80GB,gpu-q-6,34633720,18,,,,3.41029638684988,0.0,0.0,0.04693843339292503,0.19820427570084576,1.5832141756085344e-23,1.0,0.7255221153609455,0.1598481901382911,0.6902324031107128,0.14961533748282818,baseline,,256.0
runs/guidance/sg/gsm8k_results_deterministic_g0.0_w0.0_s512_sd0.3998_ema1_sg0.25exact_d0.5_sg_exact_w0.25_n512.json,sg,gsm8k,tinigsm_gsm8k/runs/cobit_raw_binary_bits_cfg/checkpoints/last.pt,deterministic,ddim,,0.0,512,0.0,0.0,,1,0.25,exact,0.5,hold,1.0,learned,1.0,0.399844765663147,250,0.172,0.17179320000000003,0.128,0.22,43,1.7848855888337558e-05,42,64,250.0,83.724,0.0,1.0,6.761596683821674,0.004298163539479967,0.24642874205723567,0.7209032445239592,0.9074935147569869,0.9566423864030523,353.2819654941559,0.7076500484543856,317.1744129176433,1024.0,3.8109703063964844,,4c81e7357d5bcf660389181414ba70826dc07686,tasks/fkc-temperature,True,configs/tasks/tinygsm_bits_cfg.py,NVIDIA A100-SXM4-80GB,gpu-q-6,34634354,32,,,0.03589483151808746,1.9700382343547664,0.005424235059474815,0.012071769157638341,0.046339285677204245,0.19865686409320915,1.184189732351906e-23,1.0,0.7259540995000862,0.16056386682248558,0.6904681676096516,0.15015068942739163,SG-exact,,1024.0
runs/guidance/sg/gsm8k_results_deterministic_g0.0_w0.0_s512_sd0.3998_ema1_sg0.25prev_d0.5_sg_prev_w0.25_n512.json,sg,gsm8k,tinigsm_gsm8k/runs/cobit_raw_binary_bits_cfg/checkpoints/last.pt,deterministic,ddim,,0.0,512,0.0,0.0,,1,0.25,prev,0.5,hold,1.0,learned,1.0,0.399844765663147,250,0.172,0.1717308,0.128,0.22,43,1.7848855888337558e-05,42,64,250.0,83.392,0.0,1.0,6.73708572184658,0.004065541406614258,0.24093438219493477,0.7173511991455481,0.9061824257912325,0.9562145487113145,186.48081946372986,1.3406204494324656,600.8768103992265,512.0,2.3088631629943848,,7818e8fcdfabdc8f408fe48bd79faff24e3aa3c8,tasks/fkc-temperature,True,configs/tasks/tinygsm_bits_cfg.py,NVIDIA A100-SXM4-80GB,gpu-q-7,34633877,28,,,0.2067228304950178,1.9945532969770037,0.03351240494460424,0.13412761260797362,0.04410402000353919,0.19836610586935421,1.3399262578301856e-23,1.0,0.729512722347863,0.1621061682344589,0.6943366492487257,0.15157450559854624,SG-prev,,512.0
runs/guidance/sg/gsm8k_results_deterministic_g0.0_w0.0_s512_sd0.3998_ema1_sg0.5exact_d0.5_sg_exact_w0.5_n512.json,sg,gsm8k,tinigsm_gsm8k/runs/cobit_raw_binary_bits_cfg/checkpoints/last.pt,deterministic,ddim,,0.0,512,0.0,0.0,,1,0.5,exact,0.5,hold,1.0,learned,1.0,0.399844765663147,250,0.168,0.167804,0.124,0.216,42,1.7848855888337558e-05,42,64,250.0,84.42,0.0,1.0,6.761146026513886,0.004433674090490323,0.24520255863539445,0.7190601774154879,0.9077408396020383,0.9566199950872022,353.3838081359863,0.7074461088601914,317.0830055600087,1024.0,3.8109703063964844,,4c81e7357d5bcf660389181414ba70826dc07686,tasks/fkc-temperature,True,configs/tasks/tinygsm_bits_cfg.py,NVIDIA A100-SXM4-80GB,gpu-q-6,34634355,33,,,0.0363287029742381,1.926779233984572,0.010781331234287019,0.02307248893246318,0.04645281726188033,0.19905332821508637,1.2717411246519753e-23,1.0,0.7254660114413127,0.16080304170100135,0.6898768808023306,0.15031145535613177,SG-exact,,1024.0
runs/guidance/sg/gsm8k_results_deterministic_g0.0_w0.0_s512_sd0.3998_ema1_sg0.5prev_d0.5_sg_prev_w0.5_n512.json,sg,gsm8k,tinigsm_gsm8k/runs/cobit_raw_binary_bits_cfg/checkpoints/last.pt,deterministic,ddim,,0.0,512,0.0,0.0,,1,0.5,prev,0.5,hold,1.0,learned,1.0,0.399844765663147,250,0.176,0.17576040000000004,0.132,0.224,44,1.7848855888337558e-05,42,64,250.0,83.084,0.0,1.0,6.725448355706065,0.004018125144206882,0.23821674449954264,0.7148774426197554,0.90577672537122,0.9557964137655461,186.5548324584961,1.3400885772048758,600.638421011843,512.0,2.3088631629943848,,7818e8fcdfabdc8f408fe48bd79faff24e3aa3c8,tasks/fkc-temperature,True,configs/tasks/tinygsm_bits_cfg.py,NVIDIA A100-SXM4-80GB,gpu-q-23,34633878,29,,,0.20687944215292073,1.9748899865480254,0.06533074285658146,0.2094475648268312,0.04230747420626901,0.19856987323146313,1.2523748655301163e-23,1.0,0.7321169296337757,0.16371143909054808,0.6971007327229017,0.15298230463668006,SG-prev,,512.0
runs/guidance/sg/gsm8k_results_deterministic_g0.0_w0.0_s512_sd0.3998_ema1_sg1exact_d0.5_sg_exact_w1_n512.json,sg,gsm8k,tinigsm_gsm8k/runs/cobit_raw_binary_bits_cfg/checkpoints/last.pt,deterministic,ddim,,0.0,512,0.0,0.0,,1,1.0,exact,0.5,hold,1.0,learned,1.0,0.399844765663147,250,0.152,0.1518408,0.108,0.2,38,1.7848855888337558e-05,42,64,250.0,85.28,0.0,1.0,6.757753301783342,0.004344259014019029,0.2424484052532833,0.7165163739914571,0.9060038424591739,0.9569761789013126,353.93736243247986,0.7063396706181088,316.5870910884013,1024.0,3.8109703063964844,,4c81e7357d5bcf660389181414ba70826dc07686,tasks/fkc-temperature,True,configs/tasks/tinygsm_bits_cfg.py,NVIDIA A100-SXM4-80GB,gpu-q-20,34634356,34,,,0.036381794072998346,2.098960513480203,0.021220398449843567,0.04483660840241102,0.04662469992704388,0.1999116484366823,1.2717411246519753e-23,1.0,0.7245658729516435,0.16129942301631672,0.6887964983761776,0.1506338641156617,SG-exact,,1024.0
runs/guidance/sg/gsm8k_results_deterministic_g0.0_w0.0_s512_sd0.3998_ema1_sg1prev_d0.5_sg_prev_w1_n512.json,sg,gsm8k,tinigsm_gsm8k/runs/cobit_raw_binary_bits_cfg/checkpoints/last.pt,deterministic,ddim,,0.0,512,0.0,0.0,,1,1.0,prev,0.5,hold,1.0,learned,1.0,0.399844765663147,250,0.196,0.19556880000000004,0.148,0.248,49,1.7848855888337558e-05,42,64,250.0,83.116,0.0,1.0,6.690289894480015,0.004615154427983792,0.230569324799076,0.7079253738613669,0.9024113615069776,0.9549153727095712,187.48201370239258,1.3334612481645731,597.667999117347,512.0,2.3088631629943848,,7818e8fcdfabdc8f408fe48bd79faff24e3aa3c8,tasks/fkc-temperature,True,configs/tasks/tinygsm_bits_cfg.py,NVIDIA A100-SXM4-80GB,gpu-q-16,34634140,30,,,0.20747006346177765,1.8774871905656312,0.12469519501738256,0.3755595224913099,0.03955978979330821,0.19904706611123402,1.164823473230047e-23,1.0,0.7360148858861066,0.16639012081213878,0.701559887296753,0.15546948578048614,SG-prev,,512.0
runs/guidance/sg/gsm8k_results_deterministic_g0.0_w0.0_s512_sd0.3998_ema1_sg2exact_d0.5_sg_exact_w2_n512.json,sg,gsm8k,tinigsm_gsm8k/runs/cobit_raw_binary_bits_cfg/checkpoints/last.pt,deterministic,ddim,,0.0,512,0.0,0.0,,1,2.0,exact,0.5,hold,1.0,learned,1.0,0.399844765663147,250,0.148,0.1478468,0.104,0.192,37,2.6773283832506336e-05,42,64,250.0,86.112,0.0,1.0,6.783724427834242,0.004424662889602267,0.24479747305834262,0.7187705611429646,0.9069336123264219,0.9573106169987486,353.8221187591553,0.7065697330532735,316.69020691234164,1024.0,3.8109703063964844,,4c81e7357d5bcf660389181414ba70826dc07686,tasks/fkc-temperature,True,configs/tasks/tinygsm_bits_cfg.py,NVIDIA A100-SXM4-80GB,gpu-q-20,34633152,35,,,0.03599297033565848,1.942448255751654,0.040053988431682105,0.07916974522471519,0.04669178855474332,0.2012666142472881,1.2186384795004798e-23,1.0,0.7235528233868536,0.1624756169585453,0.6877841877139872,0.15158870878076414,SG-exact,,1024.0
runs/guidance/sg/gsm8k_results_deterministic_g0.0_w0.0_s512_sd0.3998_ema1_sg2prev_d0.5_sg_prev_w2_n512.json,sg,gsm8k,tinigsm_gsm8k/runs/cobit_raw_binary_bits_cfg/checkpoints/last.pt,deterministic,ddim,,0.0,512,0.0,0.0,,1,2.0,prev,0.5,hold,1.0,learned,1.0,0.399844765663147,250,0.184,0.1836536,0.136,0.232,46,1.7848855888337558e-05,42,64,250.0,85.144,0.0,1.0,6.685515052746543,0.005879973577798336,0.22404397256412664,0.6961399505609431,0.8950736072356393,0.9515485001947799,186.6837122440338,1.339163427783131,600.2237616398216,512.0,2.3088631629943848,,7818e8fcdfabdc8f408fe48bd79faff24e3aa3c8,tasks/fkc-temperature,True,configs/tasks/tinygsm_bits_cfg.py,NVIDIA A100-SXM4-80GB,gpu-q-44,34634141,31,,,0.22283643795778502,2.065977654217864,0.2571170424670439,0.939110510992835,0.036913570240167726,0.20109607657650486,1.1992722203786207e-23,1.0,0.7385602949652821,0.17050689462485025,0.7044827029603766,0.15915551096986746,SG-prev,,512.0
runs/guidance/sg/gsm8k_results_deterministic_g0.0_w0.0_s512_sd0.3998_ema1_sg_base_n512.json,sg,gsm8k,tinigsm_gsm8k/runs/cobit_raw_binary_bits_cfg/checkpoints/last.pt,deterministic,ddim,,0.0,512,0.0,0.0,,1,0.0,prev,0.5,hold,1.0,learned,1.0,0.399844765663147,250,0.16,0.15984240000000002,0.116,0.208,40,1.7848855888337558e-05,42,64,250.0,83.696,0.0,1.0,6.765295392672786,0.003975195681941543,0.24689351940355572,0.721244074683177,0.9082941637289463,0.9568751858828195,185.28302812576294,1.3492871016243846,604.7612732448622,512.0,2.3059334754943848,,7818e8fcdfabdc8f408fe48bd79faff24e3aa3c8,tasks/fkc-temperature,True,configs/tasks/tinygsm_bits_cfg.py,NVIDIA A100-SXM4-80GB,gpu-q-6,34633876,27,,,,1.9814860266576528,0.0,0.0,0.04632900011655927,0.19820606877328828,1.2523748655301163e-23,1.0,0.7263804870599415,0.16023740851596813,0.6910540975513868,0.14991618851490784,baseline,,512.0
runs/guidance/sg/gsm8k_results_deterministic_g0.0_w0.0_s64_sd0.3998_ema1_sg0.25exact_d0.5_sg_exact_w0.25_n64.json,sg,gsm8k,tinigsm_gsm8k/runs/cobit_raw_binary_bits_cfg/checkpoints/last.pt,deterministic,ddim,,0.0,64,0.0,0.0,,1,0.25,exact,0.5,hold,1.0,learned,1.0,0.399844765663147,250,0.168,0.16779400000000003,0.124,0.216,42,2.6773283832506336e-05,42,64,250.0,84.064,0.0,1.0,6.774000479475783,0.003969125233789053,0.24833460220784165,0.7215159395165174,0.9088516279976604,0.9573670186519293,44.42861843109131,5.627003693300737,2522.0680713669367,128.0,3.8109688758850098,,1f5ab01b4d40769bbf818d83fc236160066116d7,tasks/fkc-temperature,True,configs/tasks/tinygsm_bits_cfg.py,NVIDIA A100-SXM4-80GB,gpu-q-65,34633629,5,,,0.037060673011568485,18.586621002263833,0.005696597141109171,0.012473810921631823,0.04903128573992177,0.19843755167676136,7.155879465814017e-23,1.0,0.7223068389575928,0.1587413989182096,0.6870620192494243,0.1487893097801134,SG-exact,,128.0
runs/guidance/sg/gsm8k_results_deterministic_g0.0_w0.0_s64_sd0.3998_ema1_sg0.25prev_d0.5_sg_prev_w0.25_n64.json,sg,gsm8k,tinigsm_gsm8k/runs/cobit_raw_binary_bits_cfg/checkpoints/last.pt,deterministic,ddim,,0.0,64,0.0,0.0,,1,0.25,prev,0.5,hold,1.0,learned,1.0,0.399844765663147,250,0.164,0.1636524,0.12,0.212,41,3.5697711776675117e-05,42,64,250.0,83.6,0.0,1.0,6.739278784175677,0.004219610323887154,0.24267942583732058,0.7178692493946731,0.9070098039215686,0.9564764267990075,23.910380125045776,10.455709975858085,4686.332856859401,64.0,2.30886173248291,,1f5ab01b4d40769bbf818d83fc236160066116d7,tasks/fkc-temperature,True,configs/tasks/tinygsm_bits_cfg.py,NVIDIA A100-SXM4-80GB,gpu-q-29,34633534,1,,,0.07995796548207378,15.546262645999867,0.012779834690121603,0.028276301985561754,0.0473477855007971,0.19826951099094003,8.357666219771075e-23,1.0,0.7250240903813392,0.16003516572527587,0.6901056476635858,0.15001451098942198,SG-prev,,64.0
runs/guidance/sg/gsm8k_results_deterministic_g0.0_w0.0_s64_sd0.3998_ema1_sg0.5exact_d0.5_sg_exact_w0.5_n64.json,sg,gsm8k,tinigsm_gsm8k/runs/cobit_raw_binary_bits_cfg/checkpoints/last.pt,deterministic,ddim,,0.0,64,0.0,0.0,,1,0.5,exact,0.5,hold,1.0,learned,1.0,0.399844765663147,250,0.16,0.1598688,0.116,0.208,40,1.7848855888337558e-05,42,64,250.0,84.84,0.0,1.0,6.7766339017853054,0.004277582840291288,0.24747760490334747,0.7206583969465649,0.9084983099951714,0.9573313782991202,44.61190843582153,5.603884899020824,2511.7060428203254,128.0,3.8109688758850098,,1f5ab01b4d40769bbf818d83fc236160066116d7,tasks/fkc-temperature,True,configs/tasks/tinygsm_bits_cfg.py,NVIDIA A100-SXM4-80GB,gpu-q-65,34633630,6,,,0.0373337284080215,18.50704511979689,0.011271855742143302,0.024183566146623984,0.04904257644910004,0.198916326276958,9.004588802265299e-23,1.0,0.7219061497598886,0.15913508183439262,0.6865900964476168,0.1490861856727861,SG-exact,,128.0
runs/guidance/sg/gsm8k_results_deterministic_g0.0_w0.0_s64_sd0.3998_ema1_sg0.5prev_d0.5_sg_prev_w0.5_n64.json,sg,gsm8k,tinigsm_gsm8k/runs/cobit_raw_binary_bits_cfg/checkpoints/last.pt,deterministic,ddim,,0.0,64,0.0,0.0,,1,0.5,prev,0.5,hold,1.0,learned,1.0,0.399844765663147,250,0.176,0.17558800000000002,0.132,0.224,44,1.7848855888337558e-05,42,64,250.0,83.548,0.0,1.0,6.732395928985281,0.004044194400553852,0.23871307511849477,0.7164316518873868,0.9069505076764605,0.9567462879276953,24.02117943763733,10.407482307396204,4664.716830033438,64.0,2.30886173248291,,1f5ab01b4d40769bbf818d83fc236160066116d7,tasks/fkc-temperature,True,configs/tasks/tinygsm_bits_cfg.py,NVIDIA A100-SXM4-80GB,gpu-q-82,34633535,2,,,0.08231038048632458,17.196446664989285,0.025871026349871998,0.060681875041942675,0.045541062858454495,0.19838615774642676,1.1235279814040067e-22,1.0,0.7277468938846141,0.16170096828136593,0.6932253364939243,0.15161171520594507,SG-prev,,64.0
runs/guidance/sg/gsm8k_results_deterministic_g0.0_w0.0_s64_sd0.3998_ema1_sg1exact_d0.5_sg_exact_w1_n64.json,sg,gsm8k,tinigsm_gsm8k/runs/cobit_raw_binary_bits_cfg/checkpoints/last.pt,deterministic,ddim,,0.0,64,0.0,0.0,,1,1.0,exact,0.5,hold,1.0,learned,1.0,0.399844765663147,250,0.14,0.1398816,0.096,0.184,35,1.7848855888337558e-05,42,64,250.0,85.384,0.0,1.0,6.772106492221163,0.0041581131317905366,0.24580717698866297,0.7191884717481987,0.9081358534011321,0.9578073412313071,44.4769766330719,5.620885656470333,2519.325918315255,128.0,3.8109688758850098,,1f5ab01b4d40769bbf818d83fc236160066116d7,tasks/fkc-temperature,True,configs/tasks/tinygsm_bits_cfg.py,NVIDIA A100-SXM4-80GB,gpu-q-82,34633631,7,,,0.037376870408620116,19.51782075843457,0.022109238841492858,0.04703377985470997,0.049213773627595714,0.199816330044996,6.850295024856661e-23,1.0,0.7209978394676,0.15973184711765498,0.6855366011150181,0.14950999978464097,SG-exact,,128.0
runs/guidance/sg/gsm8k_results_deterministic_g0.0_w0.0_s64_sd0.3998_ema1_sg1prev_d0.5_sg_prev_w1_n64.json,sg,gsm8k,tinigsm_gsm8k/runs/cobit_raw_binary_bits_cfg/checkpoints/last.pt,deterministic,ddim,,0.0,64,0.0,0.0,,1,1.0,prev,0.5,hold,1.0,learned,1.0,0.399844765663147,250,0.184,0.18363840000000003,0.136,0.232,46,1.7848855888337558e-05,42,64,250.0,83.628,0.0,1.0,6.698776633317785,0.004403791662642498,0.23126225666044867,0.7108970324829356,0.9049835840642917,0.9559954358287444,24.06001591682434,10.390683067885405,4657.187276490781,64.0,2.30886173248291,,1f5ab01b4d40769bbf818d83fc236160066116d7,tasks/fkc-temperature,True,configs/tasks/tinygsm_bits_cfg.py,NVIDIA A100-SXM4-80GB,gpu-q-44,34633627,3,,,0.08740220533196372,22.353391832438053,0.05337988992872912,0.10608062401066566,0.04315266048522304,0.19872468552784994,1.1698460125629308e-22,1.0,0.7313159999903291,0.1640792167163454,0.6973817135440186,0.15384972488391213,SG-prev,,64.0
runs/guidance/sg/gsm8k_results_deterministic_g0.0_w0.0_s64_sd0.3998_ema1_sg2exact_d0.5_sg_exact_w2_n64.json,sg,gsm8k,tinigsm_gsm8k/runs/cobit_raw_binary_bits_cfg/checkpoints/last.pt,deterministic,ddim,,0.0,64,0.0,0.0,,1,2.0,exact,0.5,hold,1.0,learned,1.0,0.399844765663147,250,0.14,0.1398232,0.1,0.184,35,2.6773283832506336e-05,42,64,250.0,86.112,0.0,1.0,6.771077029883517,0.004147196424647417,0.2431716833890747,0.7186295704483504,0.908027392048697,0.957936278756377,44.53383708000183,5.613708954629106,2516.109263136402,128.0,3.8109688758850098,,7818e8fcdfabdc8f408fe48bd79faff24e3aa3c8,tasks/fkc-temperature,True,configs/tasks/tinygsm_bits_cfg.py,NVIDIA A100-SXM4-80GB,gpu-q-6,34633632,8,,,0.0367304635760196,21.07120103174901,0.04163768643965575,0.08511832090552385,0.04899605721211131,0.20105818728916347,6.477999457044023e-23,1.0,0.7204355748835951,0.1610127704916522,0.6849706908687949,0.15057307234383188,SG-exact,,128.0
runs/guidance/sg/gsm8k_results_deterministic_g0.0_w0.0_s64_sd0.3998_ema1_sg2prev_d0.5_sg_prev_w2_n64.json,sg,gsm8k,tinigsm_gsm8k/runs/cobit_raw_binary_bits_cfg/checkpoints/last.pt,deterministic,ddim,,0.0,64,0.0,0.0,,1,2.0,prev,0.5,hold,1.0,learned,1.0,0.399844765663147,250,0.188,0.18769880000000003,0.14,0.236,47,1.7848855888337558e-05,42,64,250.0,83.42,0.0,1.0,6.668075911681205,0.005179353338715053,0.22613282186526013,0.6997330744964815,0.8991402603782854,0.9536433722954489,23.95487666130066,10.436288340564804,4677.62792454787,64.0,2.30886173248291,,1f5ab01b4d40769bbf818d83fc236160066116d7,tasks/fkc-temperature,True,configs/tasks/tinygsm_bits_cfg.py,NVIDIA A100-SXM4-80GB,gpu-q-44,34633628,4,,,0.09564797553651336,35.85004109331144,0.11170135148105245,0.21056916631307604,0.03984251891366597,0.19957079057348892,1.0033493060083009e-22,1.0,0.7358294082805514,0.16770174162229523,0.7030074469512329,0.1575023845070973,SG-prev,,64.0
runs/guidance/sg/gsm8k_results_deterministic_g0.0_w0.0_s64_sd0.3998_ema1_sg_base_n64.json,sg,gsm8k,tinigsm_gsm8k/runs/cobit_raw_binary_bits_cfg/checkpoints/last.pt,deterministic,ddim,,0.0,64,0.0,0.0,,1,0.0,prev,0.5,hold,1.0,learned,1.0,0.399844765663147,250,0.156,0.15593560000000004,0.112,0.204,39,1.7848855888337558e-05,42,64,250.0,83.904,0.0,1.0,6.779196013470081,0.0040466389845572924,0.2503813882532418,0.723053169931487,0.9092596210197305,0.9570354988628498,23.77861762046814,10.513647344444665,4712.300848958855,64.0,2.30593204498291,,1f5ab01b4d40769bbf818d83fc236160066116d7,tasks/fkc-temperature,True,configs/tasks/tinygsm_bits_cfg.py,NVIDIA A100-SXM4-80GB,gpu-q-23,34633533,0,,,,20.04534158781817,0.0,0.0,0.04919365120275643,0.19807242858223617,9.508412647641157e-23,1.0,0.7223634303081781,0.1583756331820041,0.6871829438023269,0.14849228563252836,baseline,,64.0
runs/guidance/sg_confirm/gsm8k_results_deterministic_g0.0_w0.0_s512_sd0.3998_ema1_sg1exact_d0.5_sgconf_exact1_s42.json,sg_confirm,gsm8k,tinigsm_gsm8k/runs/cobit_raw_binary_bits_cfg/checkpoints/last.pt,deterministic,ddim,,0.0,512,0.0,0.0,,1,1.0,exact,0.5,hold,1.0,learned,1.0,0.399844765663147,1319,0.12130401819560273,0.12130598938589841,0.10386656557998483,0.13949962092494314,160,8.46123906384851e-06,42,64,1319.0,85.12585291887794,0.0,1.0,7.233899948837395,0.004609051569792769,0.18092998815471897,0.6155260359402318,0.8602464361609953,0.9370776559211255,1863.1749947071075,0.7079313557486573,317.16290830368007,1024.0,3.8109703063964844,,07ea5d98471c121c868150d4136edb4581bc7820,tasks/fkc-temperature,True,configs/tasks/tinygsm_bits_cfg.py,NVIDIA A100-SXM4-80GB,gpu-q-20,34636611,9,,,0.03727617878461259,2.0624873987469803,0.02185952196501045,0.046334439171978124,0.04800899999958269,0.20136355531230102,1.1995020850552009e-23,1.0,0.7212505991504137,0.16162127666688156,0.6855218191049063,0.15087136871963086,SG-exact,,1024.0
runs/guidance/sg_confirm/gsm8k_results_deterministic_g0.0_w0.0_s512_sd0.3998_ema1_sg1exact_d0.5_sgconf_exact1_s43.json,sg_confirm,gsm8k,tinigsm_gsm8k/runs/cobit_raw_binary_bits_cfg/checkpoints/last.pt,deterministic,ddim,,0.0,512,0.0,0.0,,1,1.0,exact,0.5,hold,1.0,learned,1.0,0.399844765663147,1319,0.1288855193328279,0.1288623957543594,0.11144806671721001,0.1470811220621683,170,1.0153486876618213e-05,43,64,1319.0,86.18347232752085,0.0,1.0,7.264672949714357,0.004528987120556931,0.18254512825926317,0.6186174426159474,0.8614438300401664,0.9379323544691439,1866.4921004772186,0.7066732292425788,316.5992504596794,1024.0,3.8109703063964844,,07ea5d98471c121c868150d4136edb4581bc7820,tasks/fkc-temperature,True,configs/tasks/tinygsm_bits_cfg.py,NVIDIA A100-SXM4-80GB,gpu-q-20,34636612,10,,,0.038384950308818507,1.9630322438221015,0.022532124753007643,0.04873804067067607,0.04993449938722132,0.20255964784882957,1.1134883282230268e-23,1.0,0.7172810594229742,0.1612542730650778,0.6807420964081151,0.15019168909930145,SG-exact,,1024.0
runs/guidance/sg_confirm/gsm8k_results_deterministic_g0.0_w0.0_s512_sd0.3998_ema1_sg1exact_d0.5_sgconf_exact1_s44.json,sg_confirm,gsm8k,tinigsm_gsm8k/runs/cobit_raw_binary_bits_cfg/checkpoints/last.pt,deterministic,ddim,,0.0,512,0.0,0.0,,1,1.0,exact,0.5,hold,1.0,learned,1.0,0.399844765663147,1319,0.1197877179681577,0.11981637604245642,0.1023502653525398,0.1372251705837756,158,1.1845734689387914e-05,44,64,1319.0,84.96815769522365,0.0,1.0,7.212925559526315,0.0044214641061368735,0.17597458799175536,0.6156617368221464,0.8614520034723808,0.9379185319471679,1864.6342294216156,0.7073773393128882,316.91470137995833,1024.0,3.8109703063964844,,07ea5d98471c121c868150d4136edb4581bc7820,tasks/fkc-temperature,True,configs/tasks/tinygsm_bits_cfg.py,NVIDIA A100-SXM4-80GB,gpu-q-25,34635121,11,,,0.03699686819051942,1.977623064150935,0.021594819669061745,0.04641521277916377,0.047341316623904145,0.2004526324079571,1.2124897294700981e-23,1.0,0.7231447998922147,0.1613905162133354,0.6879972992825227,0.15077689470698324,SG-exact,,1024.0
runs/guidance/sg_confirm/gsm8k_results_deterministic_g0.0_w0.0_s512_sd0.3998_ema1_sg1prev_d0.5_sgconf_prev1_s42.json,sg_confirm,gsm8k,tinigsm_gsm8k/runs/cobit_raw_binary_bits_cfg/checkpoints/last.pt,deterministic,ddim,,0.0,512,0.0,0.0,,1,1.0,prev,0.5,hold,1.0,learned,1.0,0.399844765663147,1319,0.16603487490523122,0.1660783927217589,0.1463229719484458,0.18576573161485946,219,3.3844956255394038e-06,42,64,1319.0,83.57391963608795,0.0,1.0,7.12589755432663,0.004927384764607898,0.16409637679844694,0.5999724555846302,0.8524294583441764,0.9329111661036725,982.6983771324158,1.3422226297441708,601.3340550376973,512.0,2.3088631629943848,,07ea5d98471c121c868150d4136edb4581bc7820,tasks/fkc-temperature,True,configs/tasks/tinygsm_bits_cfg.py,NVIDIA A100-SXM4-80GB,gpu-q-44,34635202,3,,,0.20900281737076531,1.919417028385909,0.1258472351304143,0.46225233277795336,0.04050992090277312,0.20037761772428403,1.2124897294700981e-23,1.0,0.7334912170024056,0.16698892382417052,0.6988799732699545,0.15591927172361095,SG-prev,,512.0
runs/guidance/sg_confirm/gsm8k_results_deterministic_g0.0_w0.0_s512_sd0.3998_ema1_sg1prev_d0.5_sgconf_prev1_s43.json,sg_confirm,gsm8k,tinigsm_gsm8k/runs/cobit_raw_binary_bits_cfg/checkpoints/last.pt,deterministic,ddim,,0.0,512,0.0,0.0,,1,1.0,prev,0.5,hold,1.0,learned,1.0,0.399844765663147,1319,0.177407126611069,0.17737543593631538,0.15693707354056102,0.19863532979529946,234,5.076743438309106e-06,43,64,1319.0,84.61182714177407,0.0,1.0,7.140405077887684,0.005309180608735743,0.16379488006594806,0.5987813282071742,0.8522277795622447,0.9331140962042249,994.1696465015411,1.3267353360078222,594.3955360933301,512.0,2.3088631629943848,,07ea5d98471c121c868150d4136edb4581bc7820,tasks/fkc-temperature,True,configs/tasks/tinygsm_bits_cfg.py,NVIDIA A100-SXM4-80GB,gpu-q-25,34635896,4,,,0.2105349436057764,2.0706647656731096,0.12661701190323846,0.45959336445907456,0.04181148353346765,0.20131096809858556,1.1221816899712177e-23,1.0,0.7306379162473607,0.1669283551489658,0.69540704367128,0.15559062586440361,SG-prev,,512.0
runs/guidance/sg_confirm/gsm8k_results_deterministic_g0.0_w0.0_s512_sd0.3998_ema1_sg1prev_d0.5_sgconf_prev1_s44.json,sg_confirm,gsm8k,tinigsm_gsm8k/runs/cobit_raw_binary_bits_cfg/checkpoints/last.pt,deterministic,ddim,,0.0,512,0.0,0.0,,1,1.0,prev,0.5,hold,1.0,learned,1.0,0.399844765663147,1319,0.177407126611069,0.1774667172100076,0.15693707354056102,0.19787717968157695,234,1.0153486876618213e-05,44,64,1319.0,83.2729340409401,0.0,1.0,7.113802231434549,0.004962040080522051,0.16143011917659805,0.5980113898155145,0.8523120551497682,0.9335379675103891,984.855831861496,1.3392823165873236,600.0167546178523,512.0,2.3088631629943848,,07ea5d98471c121c868150d4136edb4581bc7820,tasks/fkc-temperature,True,configs/tasks/tinygsm_bits_cfg.py,NVIDIA A100-SXM4-80GB,gpu-q-32,34635897,5,,,0.20397492938421152,1.9565983838006837,0.12386481576653763,0.452390851280023,0.03976578824848002,0.19940859882488074,1.1944975345683165e-23,1.0,0.735637955727898,0.16674002613581265,0.7017623791554272,0.15585889110835063,SG-prev,,512.0
runs/guidance/sg_confirm/gsm8k_results_deterministic_g0.0_w0.0_s512_sd0.3998_ema1_sg2prev_d0.5_sgconf_prev2_s42.json,sg_confirm,gsm8k,tinigsm_gsm8k/runs/cobit_raw_binary_bits_cfg/checkpoints/last.pt,deterministic,ddim,,0.0,512,0.0,0.0,,1,2.0,prev,0.5,hold,1.0,learned,1.0,0.399844765663147,1319,0.17437452615617893,0.17434746019711903,0.15390447308567096,0.1956027293404094,230,3.3844956255394038e-06,42,64,1319.0,83.99696739954511,0.0,1.0,7.0957498167108435,0.005626395915745397,0.15795364286230051,0.5907392690435085,0.8473103167705309,0.930799831515889,982.715980052948,1.342198587153262,601.3232836288681,512.0,2.3088631629943848,,07ea5d98471c121c868150d4136edb4581bc7820,tasks/fkc-temperature,True,configs/tasks/tinygsm_bits_cfg.py,NVIDIA A100-SXM4-80GB,gpu-q-20,34636000,6,,,0.21709846005439112,1.9402296837896205,0.24883025935125483,0.6727881048214133,0.036570286724374186,0.2014212909562047,1.1682060721659498e-23,1.0,0.7387599094903893,0.1712351733329429,0.7048905289155387,0.15993445037262677,SG-prev,,512.0
runs/guidance/sg_confirm/gsm8k_results_deterministic_g0.0_w0.0_s512_sd0.3998_ema1_sg2prev_d0.5_sgconf_prev2_s43.json,sg_confirm,gsm8k,tinigsm_gsm8k/runs/cobit_raw_binary_bits_cfg/checkpoints/last.pt,deterministic,ddim,,0.0,512,0.0,0.0,,1,2.0,prev,0.5,hold,1.0,learned,1.0,0.399844765663147,1319,0.19257012888551933,0.19267740712661108,0.17134192570128887,0.21455648218347234,254,3.3844956255394038e-06,43,64,1319.0,84.6057619408643,0.0,1.0,7.105932313587962,0.005977825559128877,0.15822393476410235,0.5888860676847183,0.8459575795956203,0.9302476820453743,989.7355444431305,1.3326792266939633,597.0584802352265,512.0,2.3088631629943848,,07ea5d98471c121c868150d4136edb4581bc7820,tasks/fkc-temperature,True,configs/tasks/tinygsm_bits_cfg.py,NVIDIA A100-SXM4-80GB,gpu-q-32,34636001,7,,,0.22007879026755453,1.960702939073601,0.25182033751152827,0.6428441473033304,0.03759750399492379,0.2024613981387423,1.0758411342039131e-23,1.0,0.7362848406136477,0.17147436124893525,0.7019061542537418,0.15993471856927496,SG-prev,,512.0
runs/guidance/sg_confirm/gsm8k_results_deterministic_g0.0_w0.0_s512_sd0.3998_ema1_sg2prev_d0.5_sgconf_prev2_s44.json,sg_confirm,gsm8k,tinigsm_gsm8k/runs/cobit_raw_binary_bits_cfg/checkpoints/last.pt,deterministic,ddim,,0.0,512,0.0,0.0,,1,2.0,prev,0.5,hold,1.0,learned,1.0,0.399844765663147,1319,0.19332827899924185,0.19342062168309326,0.17210007581501138,0.21455648218347234,255,8.46123906384851e-06,44,64,1319.0,83.21379833206974,0.0,1.0,7.090583050751165,0.005398968161490357,0.15736294973532922,0.5908428624123939,0.8475088918139301,0.9311355172870078,984.0664794445038,1.3403565994286921,600.4980479912032,512.0,2.3088631629943848,,07ea5d98471c121c868150d4136edb4581bc7820,tasks/fkc-temperature,True,configs/tasks/tinygsm_bits_cfg.py,NVIDIA A100-SXM4-80GB,gpu-q-44,34636495,8,,,0.2120297871952022,2.017527079885679,0.24318548788749447,0.6451766798509078,0.03560610615425183,0.2002662701970189,1.1902032519016101e-23,1.0,0.7414438294834412,0.17094361348080434,0.7083669364136376,0.1598616650874081,SG-prev,,512.0
runs/guidance/sg_confirm/gsm8k_results_deterministic_g0.0_w0.0_s512_sd0.3998_ema1_sgconf_base_s42.json,sg_confirm,gsm8k,tinigsm_gsm8k/runs/cobit_raw_binary_bits_cfg/checkpoints/last.pt,deterministic,ddim,,0.0,512,0.0,0.0,,1,0.0,prev,0.5,hold,1.0,learned,1.0,0.399844765663147,1319,0.133434420015163,0.13349711902956787,0.1152388172858226,0.15238817285822592,176,1.0153486876618213e-05,42,64,1319.0,83.76269901440486,0.0,1.0,7.218013050361427,0.0044972028598465885,0.17992813374003241,0.6155234326334689,0.8597802401594882,0.9360156205996658,978.5479362010956,1.3479155708207842,603.8845703298908,512.0,2.3059334754943848,,07ea5d98471c121c868150d4136edb4581bc7820,tasks/fkc-temperature,True,configs/tasks/tinygsm_bits_cfg.py,NVIDIA A100-SXM4-80GB,gpu-q-32,34635199,0,,,,2.0096475767680304,0.0,0.0,0.04754695256688695,0.199392436840017,1.2811167628058906e-23,1.0,0.72352295839006,0.16040913388825995,0.6881584863239407,0.14999316779514105,baseline,,512.0
runs/guidance/sg_confirm/gsm8k_results_deterministic_g0.0_w0.0_s512_sd0.3998_ema1_sgconf_base_s43.json,sg_confirm,gsm8k,tinigsm_gsm8k/runs/cobit_raw_binary_bits_cfg/checkpoints/last.pt,deterministic,ddim,,0.0,512,0.0,0.0,,1,0.0,prev,0.5,hold,1.0,learned,1.0,0.399844765663147,1319,0.14101592115238817,0.14096618650492798,0.12206216830932524,0.1599696739954511,186,1.0153486876618213e-05,43,64,1319.0,84.33206974981046,0.0,1.0,7.236132159768941,0.0043777892258543205,0.18046640415700235,0.6168584815539281,0.8605197244834064,0.9370880990333436,975.5949120521545,1.3519955708107334,605.7124660039324,512.0,2.3059334754943848,,07ea5d98471c121c868150d4136edb4581bc7820,tasks/fkc-temperature,True,configs/tasks/tinygsm_bits_cfg.py,NVIDIA A100-SXM4-80GB,gpu-q-32,34635200,1,,,,2.0220447321432187,0.0,0.0,0.04861900628785783,0.1998021192737811,1.2371492790743145e-23,1.0,0.7212449871114494,0.16000751303883076,0.6853462615593643,0.14944084069117838,baseline,,512.0
runs/guidance/sg_confirm/gsm8k_results_deterministic_g0.0_w0.0_s512_sd0.3998_ema1_sgconf_base_s44.json,sg_confirm,gsm8k,tinigsm_gsm8k/runs/cobit_raw_binary_bits_cfg/checkpoints/last.pt,deterministic,ddim,,0.0,512,0.0,0.0,,1,0.0,prev,0.5,hold,1.0,learned,1.0,0.399844765663147,1319,0.14101592115238817,0.14105451099317665,0.12282031842304776,0.1599696739954511,186,1.1845734689387914e-05,44,64,1319.0,83.53373768006065,0.0,1.0,7.2143653987231415,0.004278138107201708,0.17759867853804195,0.6152927559662692,0.8599536929414281,0.9367374604609128,979.3022768497467,1.3468772933348063,603.4194078471093,512.0,2.3059334754943848,,07ea5d98471c121c868150d4136edb4581bc7820,tasks/fkc-temperature,True,configs/tasks/tinygsm_bits_cfg.py,NVIDIA A100-SXM4-80GB,gpu-q-41,34635201,2,,,,1.9842758247270829,0.0,0.0,0.0469292918491858,0.19836850658092378,1.2551414739760962e-23,1.0,0.725340323583666,0.16003109992431888,0.6905481992039956,0.149789452128711,baseline,,512.0
runs/guidance/sg_delta/gsm8k_results_deterministic_g0.0_w0.0_s256_sd0.3998_ema1_sg1exact_d0.1_sgdelta_exact_d0.1.json,sg_delta,gsm8k,tinigsm_gsm8k/runs/cobit_raw_binary_bits_cfg/checkpoints/last.pt,deterministic,ddim,,0.0,256,0.0,0.0,,1,1.0,exact,0.1,hold,1.0,learned,1.0,0.399844765663147,250,0.176,0.1756628,0.128,0.224,44,3.5697711776675117e-05,42,64,250.0,84.36,0.0,1.0,6.782285523731287,0.003954134541847606,0.24917022285443338,0.7223128598848368,0.9087421078193297,0.9570796460176991,180.82270884513855,1.3825697092841738,619.678804258841,512.0,3.810969352722168,,4c81e7357d5bcf660389181414ba70826dc07686,tasks/fkc-temperature,True,configs/tasks/tinygsm_bits_cfg.py,NVIDIA A100-SXM4-80GB,gpu-q-30,34634366,1,,,0.009468580089546222,3.258469246897373,0.0058570677151072136,0.014326893649485167,0.04722116221767969,0.1988472194498172,1.5832141756085344e-23,1.0,0.7245442852727138,0.1601546902093105,0.6890214390296023,0.14978245842212345,SG-exact,,512.0
runs/guidance/sg_delta/gsm8k_results_deterministic_g0.0_w0.0_s256_sd0.3998_ema1_sg1exact_d0.25_sgdelta_exact_d0.25.json,sg_delta,gsm8k,tinigsm_gsm8k/runs/cobit_raw_binary_bits_cfg/checkpoints/last.pt,deterministic,ddim,,0.0,256,0.0,0.0,,1,1.0,exact,0.25,hold,1.0,learned,1.0,0.399844765663147,250,0.172,0.171868,0.128,0.22,43,1.7848855888337558e-05,42,64,250.0,84.752,0.0,1.0,6.7734508783681395,0.004153423957633501,0.24636586747215405,0.7218454484669022,0.9087877030162413,0.9573833056072023,177.06437849998474,1.4119158360247008,632.831973032959,512.0,3.810969352722168,,4c81e7357d5bcf660389181414ba70826dc07686,tasks/fkc-temperature,True,configs/tasks/tinygsm_bits_cfg.py,NVIDIA A100-SXM4-80GB,gpu-q-13,34634514,3,,,0.02061824931901687,3.2060248936566254,0.012367276720544778,0.026784404394693047,0.047269476364030893,0.19929531843808945,1.5832141756085344e-23,1.0,0.7240673383930698,0.16041586607752834,0.6883967887843028,0.14994285003922414,SG-exact,,512.0
runs/guidance/sg_delta/gsm8k_results_deterministic_g0.0_w0.0_s256_sd0.3998_ema1_sg1exact_d0.5_sgdelta_exact_d0.5.json,sg_delta,gsm8k,tinigsm_gsm8k/runs/cobit_raw_binary_bits_cfg/checkpoints/last.pt,deterministic,ddim,,0.0,256,0.0,0.0,,1,1.0,exact,0.5,hold,1.0,learned,1.0,0.399844765663147,250,0.152,0.1518408,0.108,0.2,38,1.7848855888337558e-05,42,64,250.0,85.192,0.0,1.0,6.760028362678831,0.004309881838926267,0.24349704197577238,0.7176453819840365,0.9066256370804885,0.9571734475374732,176.9867980480194,1.4125347356822113,633.1093688106525,512.0,3.810969352722168,,4c81e7357d5bcf660389181414ba70826dc07686,tasks/fkc-temperature,True,configs/tasks/tinygsm_bits_cfg.py,NVIDIA A100-SXM4-80GB,gpu-q-27,34634516,5,,,0.03654028249619174,3.788913963993843,0.02138359842560646,0.04504641162215556,0.047033422039037376,0.19989680756407324,1.5832141756085344e-23,1.0,0.7240242171101272,0.1610737664377666,0.6883374640892725,0.15048578798450762,SG-exact,,512.0
runs/guidance/sg_delta/gsm8k_results_deterministic_g0.0_w0.0_s256_sd0.3998_ema1_sg1exact_d1_sgdelta_exact_d1.json,sg_delta,gsm8k,tinigsm_gsm8k/runs/cobit_raw_binary_bits_cfg/checkpoints/last.pt,deterministic,ddim,,0.0,256,0.0,0.0,,1,1.0,exact,1.0,hold,1.0,learned,1.0,0.399844765663147,250,0.148,0.14784920000000001,0.104,0.196,37,1.7848855888337558e-05,42,64,250.0,84.848,0.0,1.0,6.746576809704085,0.004026893718355017,0.24212709786913067,0.718156664440416,0.9079760525299343,0.957531033134591,177.0752453804016,1.4118291885629632,632.7931369474286,512.0,3.810969352722168,,4c81e7357d5bcf660389181414ba70826dc07686,tasks/fkc-temperature,True,configs/tasks/tinygsm_bits_cfg.py,NVIDIA A100-SXM4-80GB,gpu-q-1,34634656,7,,,0.07454944943263045,3.022979570781149,0.03538244351108202,0.06432863692843688,0.045616768261555585,0.20165472065855283,1.5832141756085344e-23,1.0,0.7249503447092138,0.1638045930012595,0.6897659476089757,0.15312279676436447,SG-exact,,512.0
runs/guidance/sg_delta/gsm8k_results_deterministic_g0.0_w0.0_s256_sd0.3998_ema1_sg1exact_d2_sgdelta_exact_d2.json,sg_delta,gsm8k,tinigsm_gsm8k/runs/cobit_raw_binary_bits_cfg/checkpoints/last.pt,deterministic,ddim,,0.0,256,0.0,0.0,,1,1.0,exact,2.0,hold,1.0,learned,1.0,0.399844765663147,250,0.176,0.17572800000000002,0.132,0.224,44,1.7848855888337558e-05,42,64,250.0,85.816,0.0,1.0,6.748419585293708,0.003955777851954494,0.23874335788198006,0.7133559705715903,0.9059368139734657,0.9573029366306027,177.14453601837158,1.4112769471708266,632.5456179375419,512.0,3.810969352722168,,4c81e7357d5bcf660389181414ba70826dc07686,tasks/fkc-temperature,True,configs/tasks/tinygsm_bits_cfg.py,NVIDIA A100-SXM4-80GB,gpu-q-20,34634066,9,,,0.16617399051570178,3.19276343128855,0.06904972976033065,0.10132983179625735,0.043977980846294784,0.20394743695214856,1.5832141756085344e-23,1.0,0.7267470558872446,0.1677091157034738,0.6948069114878308,0.15809339109546272,SG-exact,,512.0
runs/guidance/sg_delta/gsm8k_results_deterministic_g0.0_w0.0_s256_sd0.3998_ema1_sg1prev_d0.1_sgdelta_prev_d0.1.json,sg_delta,gsm8k,tinigsm_gsm8k/runs/cobit_raw_binary_bits_cfg/checkpoints/last.pt,deterministic,ddim,,0.0,256,0.0,0.0,,1,1.0,prev,0.1,hold,1.0,learned,1.0,0.399844765663147,250,0.168,0.1676788,0.124,0.216,42,1.7848855888337558e-05,42,64,250.0,83.508,0.0,1.0,6.747397243285228,0.004232587605618906,0.2435215787708962,0.7197362679982547,0.9072483682583304,0.9564266905152283,93.89474272727966,2.6625558869268446,1193.3788489677072,256.0,2.3088622093200684,,7818e8fcdfabdc8f408fe48bd79faff24e3aa3c8,tasks/fkc-temperature,True,configs/tasks/tinygsm_bits_cfg.py,NVIDIA A100-SXM4-80GB,gpu-q-29,34634365,0,,,0.026557352127898226,3.2506825622332123,0.01719192152046423,0.04235644666299022,0.04503002686887392,0.19829740439308807,1.5832141756085344e-23,1.0,0.7282798648811877,0.16144816634914605,0.6931430921249557,0.15103988941700663,SG-prev,,256.0
runs/guidance/sg_delta/gsm8k_results_deterministic_g0.0_w0.0_s256_sd0.3998_ema1_sg1prev_d0.25_sgdelta_prev_d0.25.json,sg_delta,gsm8k,tinigsm_gsm8k/runs/cobit_raw_binary_bits_cfg/checkpoints/last.pt,deterministic,ddim,,0.0,256,0.0,0.0,,1,1.0,prev,0.25,hold,1.0,learned,1.0,0.399844765663147,250,0.172,0.1717692,0.128,0.22,43,1.7848855888337558e-05,42,64,250.0,83.2,0.0,1.0,6.720245079320165,0.004079363021883058,0.2374519230769231,0.7145012165450122,0.9055665024630541,0.9558603491271821,93.63718628883362,2.6698794561046406,1196.6613312617487,256.0,2.3088622093200684,,4c81e7357d5bcf660389181414ba70826dc07686,tasks/fkc-temperature,True,configs/tasks/tinygsm_bits_cfg.py,NVIDIA A100-SXM4-80GB,gpu-q-1,34634513,2,,,0.0676497490733426,3.6152206121182817,0.04285380780402126,0.1020401721123117,0.04285751074766875,0.198536360549042,1.5832141756085344e-23,1.0,0.7314071038272232,0.1634009526896989,0.696503265586216,0.15277840862836456,SG-prev,,256.0
runs/guidance/sg_delta/gsm8k_results_deterministic_g0.0_w0.0_s256_sd0.3998_ema1_sg1prev_d0.5_sgdelta_prev_d0.5.json,sg_delta,gsm8k,tinigsm_gsm8k/runs/cobit_raw_binary_bits_cfg/checkpoints/last.pt,deterministic,ddim,,0.0,256,0.0,0.0,,1,1.0,prev,0.5,hold,1.0,learned,1.0,0.399844765663147,250,0.196,0.19556880000000004,0.148,0.248,49,1.7848855888337558e-05,42,64,250.0,82.884,0.0,1.0,6.686421841465309,0.004589848585172796,0.23073210752376816,0.7079771383908945,0.901983086889867,0.9547844374342797,93.53395557403564,2.672826124648557,1197.9820516764805,256.0,2.3088622093200684,,4c81e7357d5bcf660389181414ba70826dc07686,tasks/fkc-temperature,True,configs/tasks/tinygsm_bits_cfg.py,NVIDIA A100-SXM4-80GB,gpu-q-16,34634515,4,,,0.14215131968119923,2.9084929356197358,0.08666265480813808,0.24311230078129464,0.04015403902114212,0.1988756444916362,1.5832141756085344e-23,1.0,0.7354038920602761,0.16597012762213126,0.7011127123842016,0.15520363934047054,SG-prev,,256.0
runs/guidance/sg_delta/gsm8k_results_deterministic_g0.0_w0.0_s256_sd0.3998_ema1_sg1prev_d1_sgdelta_prev_d1.json,sg_delta,gsm8k,tinigsm_gsm8k/runs/cobit_raw_binary_bits_cfg/checkpoints/last.pt,deterministic,ddim,,0.0,256,0.0,0.0,,1,1.0,prev,1.0,hold,1.0,learned,1.0,0.399844765663147,250,0.192,0.19180440000000004,0.144,0.24,48,1.7848855888337558e-05,42,64,250.0,84.536,0.0,1.0,6.684213570015806,0.005334057716182831,0.2265543673701145,0.6999138096150163,0.8980808374527479,0.952855180533752,93.75970005989075,2.6663907823969986,1195.0976797965939,256.0,2.3088622093200684,,4c81e7357d5bcf660389181414ba70826dc07686,tasks/fkc-temperature,True,configs/tasks/tinygsm_bits_cfg.py,NVIDIA A100-SXM4-80GB,gpu-q-29,34634517,6,,,0.32561750853333693,2.8879700427929618,0.19134235143890202,0.5812213487827257,0.03782204493651253,0.20115877338685095,1.5832141756085344e-23,1.0,0.7373279450112022,0.17009031489578774,0.7034368943423033,0.1588889666236355,SG-prev,,256.0
runs/guidance/sg_delta/gsm8k_results_deterministic_g0.0_w0.0_s256_sd0.3998_ema1_sg1prev_d2_sgdelta_prev_d2.json,sg_delta,gsm8k,tinigsm_gsm8k/runs/cobit_raw_binary_bits_cfg/checkpoints/last.pt,deterministic,ddim,,0.0,256,0.0,0.0,,1,1.0,prev,2.0,hold,1.0,learned,1.0,0.399844765663147,250,0.196,0.19579600000000005,0.148,0.248,49,2.6773283832506336e-05,42,64,250.0,86.712,0.0,1.0,6.682344054809845,0.008750018693257809,0.21920841406033767,0.6860182938211685,0.8872414770044386,0.9460053516819572,93.70556926727295,2.6679310734128747,1195.7880505522378,256.0,2.3088622093200684,,4c81e7357d5bcf660389181414ba70826dc07686,tasks/fkc-temperature,True,configs/tasks/tinygsm_bits_cfg.py,NVIDIA A100-SXM4-80GB,gpu-q-16,34634657,8,,,0.7372788581622312,2.929265403252006,0.39652347670706206,0.8724374190946971,0.03531619884345272,0.20454281895945314,1.4274776501302548e-23,1.0,0.738789169350639,0.1757941957184812,0.7059743550489657,0.1644442321266979,SG-prev,,256.0
runs/guidance/sg_mf/gsm8k_results_deterministic_g0.0_w0.0_s256_sd0.3998_ema1_sg0.5exact_d0.5_mfvary_sgmf_vary_w0.5.json,sg_mf,gsm8k,tinigsm_gsm8k/runs/cobit_raw_binary_bits_cfg/checkpoints/last.pt,deterministic,ddim,,0.0,256,0.0,0.0,,1,0.5,exact,0.5,vary,1.0,learned,1.0,0.399844765663147,250,0.168,0.167808,0.124,0.216,42,1.7848855888337558e-05,42,64,250.0,84.776,0.0,1.0,6.789939945832031,0.004077140351511862,0.24969330942719636,0.7231187929717342,0.9088624722141684,0.9573958129524555,176.78798961639404,1.4141232135874506,633.8213373156041,512.0,3.810969352722168,,4c81e7357d5bcf660389181414ba70826dc07686,tasks/fkc-temperature,True,configs/tasks/tinygsm_bits_cfg.py,NVIDIA A100-SXM4-80GB,gpu-q-65,34634363,3,,,0.039874786481006445,3.8733049819297123,0.013296319995255214,0.03019568719350606,0.047020992172830844,0.1990728919627145,1.5832141756085344e-23,1.0,0.7246234649210237,0.16042246439610608,0.6890464068565052,0.1499886385645368,SG-exact,,512.0
runs/guidance/sg_mf/gsm8k_results_deterministic_g0.0_w0.0_s256_sd0.3998_ema1_sg0.5exact_d0.5_sgmf_hold_w0.5.json,sg_mf,gsm8k,tinigsm_gsm8k/runs/cobit_raw_binary_bits_cfg/checkpoints/last.pt,deterministic,ddim,,0.0,256,0.0,0.0,,1,0.5,exact,0.5,hold,1.0,learned,1.0,0.399844765663147,250,0.168,0.167804,0.124,0.216,42,1.7848855888337558e-05,42,64,250.0,84.444,0.0,1.0,6.766027484593757,0.004394996307417912,0.24603287385723083,0.7208666890369589,0.9086410169327058,0.9569274593585777,177.50820684432983,1.408385586471749,631.2496869413296,512.0,3.810969352722168,,4c81e7357d5bcf660389181414ba70826dc07686,tasks/fkc-temperature,True,configs/tasks/tinygsm_bits_cfg.py,NVIDIA A100-SXM4-80GB,gpu-q-32,34634360,0,,,0.03652633980804009,3.320068940030949,0.010913536851503454,0.023168850840482678,0.04695502582681499,0.19900292516103946,1.5832141756085344e-23,1.0,0.7248193308478221,0.16046379473846173,0.6893015768437181,0.15006940545572434,SG-exact,,512.0
runs/guidance/sg_mf/gsm8k_results_deterministic_g0.0_w0.0_s256_sd0.3998_ema1_sg1exact_d0.5_mfvary_sgmf_vary_w1.json,sg_mf,gsm8k,tinigsm_gsm8k/runs/cobit_raw_binary_bits_cfg/checkpoints/last.pt,deterministic,ddim,,0.0,256,0.0,0.0,,1,1.0,exact,0.5,vary,1.0,learned,1.0,0.399844765663147,250,0.148,0.1479532,0.104,0.192,37,2.6773283832506336e-05,42,64,250.0,85.852,0.0,1.0,6.81439377109087,0.004056822692205343,0.2521082793644877,0.724555696978268,0.9091733053475171,0.9580456718003186,176.71211218833923,1.4147304160653729,634.0934903238286,512.0,3.810969352722168,,4c81e7357d5bcf660389181414ba70826dc07686,tasks/fkc-temperature,True,configs/tasks/tinygsm_bits_cfg.py,NVIDIA A100-SXM4-80GB,gpu-q-65,34634364,4,,,0.04017468312654435,4.887157758863199,0.026239125264971946,0.05722330612229423,0.04717353962015647,0.19998613886127714,1.5832141756085344e-23,1.0,0.7236775433411822,0.16096893575013382,0.6879238323017489,0.15034623986139195,SG-exact,,512.0
runs/guidance/sg_mf/gsm8k_results_deterministic_g0.0_w0.0_s256_sd0.3998_ema1_sg1exact_d0.5_sgmf_hold_w1.json,sg_mf,gsm8k,tinigsm_gsm8k/runs/cobit_raw_binary_bits_cfg/checkpoints/last.pt,deterministic,ddim,,0.0,256,0.0,0.0,,1,1.0,exact,0.5,hold,1.0,learned,1.0,0.399844765663147,250,0.152,0.1518408,0.108,0.2,38,1.7848855888337558e-05,42,64,250.0,85.192,0.0,1.0,6.760028362678831,0.004309881838926267,0.24349704197577238,0.7176453819840365,0.9066256370804885,0.9571734475374732,176.99868035316467,1.4124399091630295,633.0668668061431,512.0,3.810969352722168,,4c81e7357d5bcf660389181414ba70826dc07686,tasks/fkc-temperature,True,configs/tasks/tinygsm_bits_cfg.py,NVIDIA A100-SXM4-80GB,gpu-q-32,34634361,1,,,0.03654028249619174,3.788913963993843,0.02138359842560646,0.04504641162215556,0.047033422039037376,0.19989680756407324,1.5832141756085344e-23,1.0,0.7240242171101272,0.1610737664377666,0.6883374640892725,0.15048578798450762,SG-exact,,512.0
runs/guidance/sg_mf/gsm8k_results_deterministic_g0.0_w0.0_s256_sd0.3998_ema1_sg2exact_d0.5_mfvary_sgmf_vary_w2.json,sg_mf,gsm8k,tinigsm_gsm8k/runs/cobit_raw_binary_bits_cfg/checkpoints/last.pt,deterministic,ddim,,0.0,256,0.0,0.0,,1,2.0,exact,0.5,vary,1.0,learned,1.0,0.399844765663147,250,0.132,0.1318456,0.092,0.176,33,4.462213972084389e-05,42,64,250.0,87.34,0.0,1.0,6.854784934945733,0.004253850396973985,0.2558277994046256,0.7286078295112347,0.9100539020389032,0.9583590230021343,176.74224662780762,1.4144892054385962,633.9853777912223,512.0,3.810969352722168,,4c81e7357d5bcf660389181414ba70826dc07686,tasks/fkc-temperature,True,configs/tasks/tinygsm_bits_cfg.py,NVIDIA A100-SXM4-80GB,gpu-q-82,34634055,5,,,0.04019725770224037,5.918228956720906,0.05060189457513181,0.10347929839036972,0.04734541268085746,0.20143608647049405,1.5832141756085344e-23,1.0,0.7224036562256515,0.16211092239245772,0.6866263854899444,0.15124739366729045,SG-exact,,512.0
runs/guidance/sg_mf/gsm8k_results_deterministic_g0.0_w0.0_s256_sd0.3998_ema1_sg2exact_d0.5_sgmf_hold_w2.json,sg_mf,gsm8k,tinigsm_gsm8k/runs/cobit_raw_binary_bits_cfg/checkpoints/last.pt,deterministic,ddim,,0.0,256,0.0,0.0,,1,2.0,exact,0.5,hold,1.0,learned,1.0,0.399844765663147,250,0.148,0.1478468,0.104,0.192,37,2.6773283832506336e-05,42,64,250.0,86.248,0.0,1.0,6.779971693840496,0.004428100153437783,0.2435302847602263,0.7175769519519519,0.9068939322001709,0.957428406688449,177.31883025169373,1.4098897429288226,631.9238618986417,512.0,3.810969352722168,,4c81e7357d5bcf660389181414ba70826dc07686,tasks/fkc-temperature,True,configs/tasks/tinygsm_bits_cfg.py,NVIDIA A100-SXM4-80GB,gpu-q-41,34634362,2,,,0.03603301151536225,3.368918309289241,0.040172387083929714,0.07875721587373705,0.04710232537393466,0.20123582212545443,1.5832141756085344e-23,1.0,0.7230149906827137,0.1622329024175997,0.6872928755765315,0.15141758702520747,SG-exact,,512.0
runs/guidance/smoke/gsm8k_results_deterministic_g0.0_w0.0_s32_sd0.3998_ema1_ag2_bad000250000_smoke_ag.json,smoke,gsm8k,tinigsm_gsm8k/runs/cobit_raw_binary_bits_cfg/checkpoints/last.pt,deterministic,ddim,,0.0,32,0.0,2.0,tinigsm_gsm8k/runs/cobit_raw_binary_bits_cfg/checkpoints/step=000250000.pt,1,0.0,prev,0.5,hold,1.0,learned,1.0,0.399844765663147,16,0.1875,0.18795625,0.0,0.375,3,0.00014029180695847364,42,16,16.0,84.875,0.0,1.0,5.607580279366094,0.0007530120481927711,0.4057437407952872,0.8539493293591655,0.9562594268476622,0.9755725190839695,2.2536299228668213,7.099657240815542,3162.897300783324,64.0,1.6594514846801758,,4db435b308e1dda30fc50959c17ef07ece11722c,tasks/fkc-temperature,True,configs/tasks/tinygsm_bits_cfg.py,NVIDIA A100-SXM4-80GB,gpu-q-65,34632362,,,0.050957804340681534,,67.03571179294137,0.026858959732917905,0.04616352619683653,0.045410948385296024,0.19811546662822366,7.095474414148981e-23,1.0,0.7274579852819443,0.16135339718312025,0.6912268064916134,0.15128444461151958,AG,250000,64.0
runs/guidance/smoke/gsm8k_results_deterministic_g0.0_w0.0_s32_sd0.3998_ema1_sg1exact_d0.5_smoke_sgexact.json,smoke,gsm8k,tinigsm_gsm8k/runs/cobit_raw_binary_bits_cfg/checkpoints/last.pt,deterministic,ddim,,0.0,32,0.0,0.0,,1,1.0,exact,0.5,hold,1.0,learned,1.0,0.399844765663147,16,0.25,0.2498375,0.0625,0.5,4,0.00014029180695847364,42,16,16.0,84.4375,0.0,1.0,5.580859376264833,0.0013612275797810387,0.3960029607698001,0.8524344569288389,0.954510993176649,0.9731389102072141,2.2316017150878906,7.169738171387741,3194.1183553532387,64.0,1.5357155799865723,,55f8b00d7803f900b42b26a68eb547dafe1fe009,tasks/fkc-temperature,True,configs/tasks/tinygsm_bits_cfg.py,NVIDIA A100-SXM4-80GB,gpu-q-65,34632362,,,,0.03302553021148924,51.95718422064374,0.020982836314791312,0.04442068716458391,0.04451074821398038,0.197438380215317,1.1698460125629308e-22,1.0,0.7283896133303642,0.16107801860198379,0.690754696726799,0.15071642678231,SG-exact,,64.0
runs/guidance/smoke/gsm8k_results_deterministic_g0.0_w0.0_s32_sd0.3998_ema1_sg1prev_d0.5_smoke_sgprev.json,smoke,gsm8k,tinigsm_gsm8k/runs/cobit_raw_binary_bits_cfg/checkpoints/last.pt,deterministic,ddim,,0.0,32,0.0,0.0,,1,1.0,prev,0.5,hold,1.0,learned,1.0,0.399844765663147,16,0.125,0.124825,0.0,0.3125,2,0.00014029180695847364,42,16,16.0,83.5,0.0,1.0,5.585724857572006,0.0007530120481927711,0.39745508982035926,0.8522727272727273,0.9516871165644172,0.9728260869565217,2.056828737258911,7.778965603778386,3465.529176483271,32.0,1.1601877212524414,,4db435b308e1dda30fc50959c17ef07ece11722c,tasks/fkc-temperature,True,configs/tasks/tinygsm_bits_cfg.py,NVIDIA A100-SXM4-80GB,gpu-q-65,34632362,,,,0.06607159265396469,88.74007236570675,0.03944573319536039,0.07763194912453526,0.04002524605164126,0.19675645837560296,1.1698460125629308e-22,1.0,0.7364084366708994,0.16417101444676518,0.7007143227383494,0.1541083650663495,SG-prev,,32.0
runs/guidance/smoke/gsm8k_results_deterministic_g0.0_w0.0_s32_sd0.3998_ema1_smoke_baseline.json,smoke,gsm8k,tinigsm_gsm8k/runs/cobit_raw_binary_bits_cfg/checkpoints/last.pt,deterministic,ddim,,0.0,32,0.0,0.0,,1,0.0,prev,0.5,hold,1.0,learned,1.0,0.399844765663147,16,0.125,0.12419375,0.0,0.3125,2,0.00014029180695847364,42,16,16.0,83.0,0.0,1.0,5.629811496363629,0.0007716049382716049,0.41566265060240964,0.8574695121951219,0.9552469135802469,0.9734375,1.528817892074585,10.465602268879925,4662.425810786006,32.0,1.1594552993774414,,4db435b308e1dda30fc50959c17ef07ece11722c,tasks/fkc-temperature,True,configs/tasks/tinygsm_bits_cfg.py,NVIDIA A100-SXM4-80GB,gpu-q-65,34632362,,,,,84.59952676704732,0.0,0.0,0.04524785347328475,0.19657767890021205,1.1698460125629308e-22,1.0,0.7279512081295252,0.15969263715669513,0.6902814777567983,0.149423933820799,baseline,,32.0
runs/guidance/smoke/gsm8k_results_deterministic_g0.0_w3.0_s32_sd0.3998_ema1_ag2_bad000250000_sg1prev_d0.5_smoke_cfg_ag_sg.json,smoke,gsm8k,tinigsm_gsm8k/runs/cobit_raw_binary_bits_cfg/checkpoints/last.pt,deterministic,ddim,,0.0,32,3.0,2.0,tinigsm_gsm8k/runs/cobit_raw_binary_bits_cfg/checkpoints/step=000250000.pt,1,1.0,prev,0.5,hold,1.0,learned,1.0,0.399844765663147,16,0.0625,0.06231875,0.0,0.1875,1,0.00014029180695847364,42,16,16.0,83.25,0.0,1.0,5.593858964070794,0.0007530120481927711,0.4084084084084084,0.8556231003039514,0.9561538461538461,0.9742990654205608,3.560006618499756,4.494373666850838,2002.2434685820483,128.0,2.038395881652832,,55f8b00d7803f900b42b26a68eb547dafe1fe009,tasks/fkc-temperature,True,configs/tasks/tinygsm_bits_cfg.py,NVIDIA A100-SXM4-80GB,gpu-q-65,34632362,,0.12438858528305996,0.15415612322790295,0.7558709618883328,469.47437818893985,0.578263514889603,1.3615607495264324,0.033384291076799855,0.19888281729072332,1.1698460125629308e-22,1.0,0.7455939911305904,0.17108339862897992,0.7140439515933394,0.16143970773555338,CFG+AG+SG-prev,250000,128.0
runs/guidance/smoke/gsm8k_results_deterministic_g0.0_w3.0_s32_sd0.3998_ema1_smoke_cfg.json,smoke,gsm8k,tinigsm_gsm8k/runs/cobit_raw_binary_bits_cfg/checkpoints/last.pt,deterministic,ddim,,0.0,32,3.0,0.0,,1,0.0,prev,0.5,hold,1.0,learned,1.0,0.399844765663147,16,0.0625,0.0623125,0.0,0.1875,1,0.0,42,16,16.0,83.6875,0.0,1.0,5.5687274029608425,0.0012872000823808054,0.3965646004480956,0.8480725623582767,0.9517980107115531,0.9721146398140976,2.065639019012451,7.745787067698471,3450.7481386596687,64.0,1.5366907119750977,,4db435b308e1dda30fc50959c17ef07ece11722c,tasks/fkc-temperature,True,configs/tasks/tinygsm_bits_cfg.py,NVIDIA A100-SXM4-80GB,gpu-q-65,34632362,,0.11787048484217788,,,74.37989756670581,0.08912597932999855,0.1566401710776205,0.03520396490645794,0.1984074329957366,3.179970757931434e-22,1.0,0.7428972143679857,0.16919987415894866,0.7114471821114421,0.1601505030412227,CFG,,64.0
